0,1,2,3,4,5,6,7,8,9,10,11,12,13,14,15,16,17,18,19,20,21,22,23,24,25,26,27,28,29,30,31,32,33,34,35,36,37,38,39,40,41,42,43,44,45,46,47,48,49,50,51,52,53,54,55,56,57,58,59,60,61,62,63,64,65,66,67,68,69,70,71
0.0,0.0,0.0,0.0,0.0,0.0,0.0,0.0,0.0,0.0,0.0,0.0,-0.0010474789684125356,-0.0015505983334789947,0.0006875708382142954,0.0005579563008468133,-0.0019244154769897538,-0.00048011394889001545,0.002400627000585645,0.0036331346623782366,0.0025810059046585563,-0.005950142706071398,-0.0005010472919455624,0.0007311781177248884,0.003961947645105208,0.0012408426343522656,-0.007048009321228238,-0.004131231015651351,-0.004811525214950779,0.003888760955599131,0.0038075684218188046,0.00030047689970948474,-0.007197673425304769,-0.008724384975762944,0.007540010358168494,0.001622196235244861,0.0015264471546383555,0.0008135834845377513,0.00368982096911245,-0.0056479347258700805,-0.007498590007913959,0.01311140591333049,0.0020097228299948856,0.003311621943077629,-0.009754109969450779,-0.0018528638635199994,-0.0016276266590268598,0.00871059494972158,0.008990733154447322,-0.010296007664959873,-0.0039047246407541993,0.004588162358997824,0.0029988857292209035,0.002954563840157995,-0.004982208063283898,-0.0018700946593176704,0.0012361012966639966,-0.0005708787207385967,0.0018022771118727735,-0.004396979292616014,0.0014180419195397459,0.0007148453367717846,-0.008695620439014458,0.0017606060524263012,-0.0006834227502304344,0.001266126329895897,-0.006710655194062634,0.006176819270996761,-0.002854114835072386,0.005761406590859161,-0.003273023617188809,0.000548207832615576
0.0,0.0,0.0,0.0,0.0,0.0,0.0,0.0,0.0,0.0,0.0,0.0,-0.0010419574118497679,-0.0007402723922368048,-0.002051579081212806,-0.0012638230086603015,-0.0034787701747701614,0.003045536670200337,-0.004719148030144457,0.004450820928506094,-0.0013015619069239224,0.002678378694863123,-0.0070641333581135685,0.0015713765136353263,0.004561187877844851,0.003190617471993622,0.009860301908624886,0.0026484130631226725,-0.0018444911151308271,0.004754021731818806,-0.0032780094995150592,-0.0065134539923643545,-0.005999783323931182,0.006688370294962327,-0.005296054018018143,0.0011217624344606644,0.0018205269930479907,0.004462769564591324,0.005957672567853218,0.0043745620887663495,0.006317756377391437,-0.0013815932618772295,0.008712048233197432,0.0014169565537686436,0.005543560464502207,-0.004150612059922234,-0.004031830652321267,-0.006868354575297353,-0.002928200709594069,0.004496567666775806,-0.0127858726266385,2.0965480383231285e-05,-0.000327518818503149,-0.0019440652280641626,0.00447426157495341,-0.0015425098525769286,0.003913623038535122,0.0007025922791284103,0.005423613108616798,-0.0051411485204491585,0.0027207837759529335,0.0016640148283461255,-0.010992402673419074,-0.0009972180616895272,0.0003256133808903639,0.003714280832777821,-0.009002171543698104,0.005392081762133256,-0.003469672184252595,0.006646572983232776,-0.0026708645228341378,0.000598274747821132
0.0,0.0,0.0,0.0,0.0,0.0,0.0,0.0,0.0,0.0,0.0,0.0,-0.00047687648042279935,-0.0014873422322124819,0.0009241370404063642,-0.00024986934932236525,-0.001276455209618854,-0.0013245161863261626,0.002580979804530516,0.0030068639936824426,0.003539783410237886,-0.0038008106090662783,-0.0018839993550374347,-0.0008708937179807905,0.0019872204842165306,0.0010136009141719048,-0.0019279842056515585,-0.0028911540714281684,0.0010263071009605654,0.004443757253297582,0.00543989445041364,0.00046416860931305226,-0.004416854430914009,0.002879162598280663,0.0004816806359789084,-0.002051815227100608,-0.003360132989125678,0.0007448726027340902,0.000728005070702011,0.006686524955122644,-0.003974403699543971,-0.005325624563732916,0.0011067317183957193,0.008053968809772386,0.004963964674275109,-0.0023036618074801225,0.004269974407377294,-0.005669194981146632,0.0035632284387993665,0.009400732361132829,0.00021758190516418945,0.0015600285623112787,-0.0017668779092597188,-0.004080982796932634,-0.0004997820510796125,-0.007668611581168012,0.0043468106257667834,0.002381860395565478,-0.00016437670411677507,0.0024625774290106908,0.0013273528766143841,0.0013399603196129544,0.0040402953808392405,0.0026829339121747266,-0.002468478150518505,-0.002526479958799354,0.006323736980692484,-0.0019282016111148276,0.0034371252555824615,-0.005281325003033291,0.0010483918400967264,-0.0005529050440327673
0.0,0.0,0.0,0.0,0.0,0.0,0.0,0.0,0.0,0.0,0.0,0.0,-0.0009226884957867744,-0.0003977472014548532,-0.002546507105351032,-0.0014421502104743473,-0.0032705397176823847,0.0031076271279818044,-0.00523319584639926,0.003248167689543343,-0.001281671165001176,0.0029991295916450954,-0.006127752975388039,0.0012372676979837914,0.003133619644905656,0.003391509237250189,0.006025727971611781,0.0023540662316215927,-0.00045890935187386904,0.003926773949259839,-0.0024907133207462966,-0.0023189638970352814,-0.0036679171447982005,-0.00019874937578641839,-0.0017435333392277579,-0.0007801191074856663,0.0001407087085444362,0.002052313979180323,0.0026215157622614693,-0.0026408456105413364,-0.00010828037723145469,0.0035843375845285882,-0.002208061599819314,0.00136508778414014,-0.0032820187417481146,-0.0008687544101295472,-0.0023140631711148236,0.00571792151172765,0.0010922671310262364,-0.005411109126598101,0.005024045208448566,0.00133580225452454,-0.0016370454111526065,0.004270300787684168,-0.005263126696863552,0.0016621735663959068,-0.005932952755114475,0.0021464199227262584,-0.0036327477675364953,0.0036066622568467275,-0.0020785127445293768,-0.000295022473819671,0.008158686484915136,0.005135863806670107,-0.0012560199804900827,-0.005403733198209534,0.008693838135629356,-0.0016034769500093075,0.0029726952215183024,-0.005957689939756114,0.000732756802126273,-0.0005502115894435699
0.0,0.0,0.0,0.0,0.0,0.0,0.0,0.0,0.0,0.0,0.0,0.0,-0.00014160925460122363,-0.0014646529054542755,0.0003925696162253249,-0.0013038949755627206,-0.0003860213096938695,-0.000988745261708567,0.0016476395654082972,0.002161633476703808,0.003874489619020521,0.0017853594048736659,-0.002361973735653635,-0.0012961983769388733,-0.0007206474700211333,-0.003725449254192226,0.001962523786630099,-0.00023183445277341982,0.006272630710070194,0.0026234343496109353,0.0066106305082878625,-0.004058947672488355,-0.00012779550162555096,0.0032841077344622355,-0.0013821634851638163,-0.002159899895781108,0.002662286467451928,0.0017071227720251315,-0.00784167685574535,-0.0017961155526174046,0.0006940634105536565,-0.0007260540551388177,0.0017647065874770121,-0.0007946850495842189,-0.009416039008302846,-0.004515321493702687,-0.006541033565460596,-0.005667224461513055,0.0029436993280232333,-0.005133552390000642,0.0061598357300916865,-0.003913956243744563,-0.0003842685456705424,0.004002408264984707,0.0026414326650124366,0.0030049962559142445,-0.0014499410732732748,0.004434093765012495,0.0002438920324613889,-0.0014756208088788868,0.0005758946177271242,0.0010998698104449475,0.003890840363752374,-0.005306942119884273,-4.659804967508479e-05,0.004931709210134671,-0.004013885298911905,-0.002703386905898888,-0.001632833942237087,0.004808857296555123,0.0007545711718352958,0.0006797878492167431
0.0,0.0,0.0,0.0,0.0,0.0,0.0,0.0,0.0,0.0,0.0,0.0,-0.0008875929733466701,-0.00010329681270868195,-0.0027841908907288394,-0.0010968828018411622,-0.0029542328982291016,0.0017142361725806775,-0.005065042115678615,0.0005084568176336199,0.0004891546757908156,0.0006466725390459457,-0.0035946800824655967,0.0003229713901333832,0.0012417185571710109,0.006000134440000103,-0.002221416464999688,0.002942746776121611,0.0024743725425272946,0.0041746126740993695,-0.002474080172220714,0.004638319986731379,-0.0006793435620152471,-0.006927932816322166,-0.001273584163775066,-0.00472306838890414,-0.0037392909447097316,-0.0004763493530555169,-0.00010596751185841387,-0.004705869378254238,-0.0032833560668571495,-0.002408629304581353,-0.007980340853139707,0.0022676443262966044,0.0013742259434640245,0.0024967854391380394,0.00289451664034317,0.0008695654781179341,-0.0016504132786725669,0.0059153653566609244,0.005728720927392232,-0.0023761176604108793,-0.0005177008098078054,-0.0015226218266137727,0.0015201804800838948,-0.001702210965608932,0.006372525837350489,-0.00354869990093891,-0.000515706660109924,-0.001646424440031407,0.0011539191535827756,-0.0014342383745184716,-0.0011870537985121843,-0.00835002817592122,-0.000869720107109278,0.005761583634767678,-0.006719167825096454,-0.00294939738528697,-0.0006741856343592098,0.005336967903331789,0.0009134524604438754,0.0006048623492774585
0.0,0.0,0.0,0.0,0.0,0.0,0.0,0.0,0.0,0.0,0.0,0.0,0.00013337535052254922,-0.0014513223828030546,-0.00033493300757456396,-0.0013930297722204701,0.0007200583959486288,-0.0007085335773968972,-0.00035809667218848117,0.001904020745649356,0.003700055920853228,0.004102920756722124,0.0003748369467191303,0.0012668799046904986,-0.000891968893317326,-0.004404549835193639,-0.0014122789811404943,0.0036062940060888195,0.0003583536579538742,0.005389610893209493,-0.0005972164102372596,-0.0047930194535759215,0.0020781669343136423,-0.0027403190321748554,0.004637325884016514,0.003662776688792093,-0.004239561174148223,-0.0038882063087953334,-0.0008854739296370335,-0.006813970156671253,0.006752614530777493,-0.0013421796641146428,-5.202140260449179e-05,0.007428603703805282,0.0008408094273055686,-0.0025283968645262614,0.005324196718071805,0.0026091995735817502,-0.00505415532285468,0.0031577245355877736,0.0018134640684303344,0.006586850959586766,0.007850714451630382,-0.003950611336666596,0.0031662248578473284,0.0032718327380453485,0.0015652443063838592,0.0013431614638304628,-0.003199804302642976,-0.0034182863757220142,-0.0014070934170683695,0.0005974006031497592,-0.0033037103094906606,0.0016241853495541306,0.004995735218891096,-0.002881893234974065,0.0025400082067492656,0.0036825636225736647,-0.002535456558953273,-0.004408093304658032,-0.0017467586868614112,-0.0006765041108509149
0.0,0.0,0.0,0.0,0.0,0.0,0.0,0.0,0.0,0.0,0.0,0.0,-0.0008892455852122102,0.00017048387228969325,-0.002771699298042153,-0.0005507474181758381,-0.0030891717812585448,-0.0005436208801323677,-0.004627868361235295,-0.0025707550197160913,0.002545530450759124,-0.0021058623434876407,-0.0016674080405336292,-0.00224955372459456,0.0004990648335261631,0.005660799697940298,-0.004124195572909906,0.004663265827558323,0.003667777858675079,0.0004642812336923844,0.0017235598359240832,0.005146274595203551,0.001098380325721469,-0.0016594859218809286,-0.003954519947275313,-0.0021674237766974216,-0.00026099036495041603,-0.002525933079396279,-0.003566178066085464,-0.001026315614717697,-0.004004215461332014,-0.004156700686176839,0.007697842899787422,-0.0047840550706735666,-0.0035797063152367145,0.0037113455433364817,0.0007577761989141079,-0.005001340367823567,0.0037706818283923787,-0.003994414398499335,-0.005652498268335185,-0.002867961910137579,0.004629264908590868,-0.0025955395219839617,0.0030084420935812513,0.0032623846971850073,-0.002955465305055787,0.0016997757285180104,0.0024306773659393383,0.000623305278876098,-0.0009664245324756766,0.003263216156688111,-0.0012654460439665122,0.0064653431432167745,0.005675631492383764,-0.0014881742037095194,0.005402910558101216,0.004785500960193504,-0.003249891633417959,-0.004721056134903293,-0.0017868313842600266,-0.0005182887374598313
0.0,0.0,0.0,0.0,0.0,0.0,0.0,0.0,0.0,0.0,0.0,0.0,0.00046417050605411855,-0.0014684403436595558,-0.0009627322369576335,-0.00039836531671824253,0.00143683913905587,-0.0007932159811645452,-0.002811951554562126,0.0027069879987162166,0.0027620210231348694,0.0017919616185639211,0.00421838536540797,8.238584702783023e-05,-0.0006846087635283808,0.0012761985642321988,-4.698626840774783e-05,0.0014575380312694505,-0.005011124897090388,0.005515195316394765,0.0018048938452374967,0.0004300053527824097,0.007124983583494019,-0.0003723124300764438,-0.00047348453610913135,0.0027526049061186355,-0.002650750536826792,0.004002697416785828,0.0029768630088242605,0.0013219222638159041,-0.004393228286668012,-0.004694256607607184,-0.0001667500967829099,-0.006971856710787004,-0.001983892983071743,-0.01013753848853192,0.003394330537397948,0.003363338945447332,0.0016863774189933866,-0.0019642039663883364,-0.0037748890697188787,-0.010313746701560827,-0.0009664649837752681,-0.0035634765168090434,-0.0030974291301524718,0.001409541361747364,0.0006178896423213658,0.003211361063600075,0.0006098220898756127,0.004314854970008056,0.00036970051779776277,-0.0011187662721399531,-0.0008856429528118633,0.00013831708693108673,-0.0025683075617700646,-0.005576363136554006,-0.003798823869159355,-0.002990772656314179,0.005858286117878392,0.003931823953751399,0.001776564861687843,0.00028250839031682384
0.0,0.0,0.0,0.0,0.0,0.0,0.0,0.0,0.0,0.0,0.0,0.0,-0.0009352495499546198,0.000461199522080122,-0.0025458075941419828,-0.00029117975453854235,-0.003665620898349927,-0.002466136736146272,-0.003681058672594903,-0.005258117385420138,0.004022223458953359,-0.002557117023316368,-0.001234222544404439,-0.005515377241889376,0.0019685658965983813,-0.0003168852626562003,-0.0017625707400801339,0.007153571414820718,0.00026691139726382453,-0.004711643008975529,0.0051268197874703375,-0.0012769141195135842,-0.0015000006190747346,-0.0001945458968662111,-0.0014664258720846334,0.005512742007719412,0.0007741391666008169,-0.002109280548682113,-0.0011365497875782205,0.0010608167093895864,0.0018104137288145429,0.0031577286746661396,0.0026401035520397732,0.0008389381943572605,0.0001683326753745689,0.0006121919294509926,0.00037208118505235475,0.00015187672571744554,-0.0044501029026284495,0.0019870426136454544,0.0010150344161629712,0.009624454085113903,-0.0015690668378267403,-0.0013057088521491703,-0.00146763085166765,-0.0016027294372502154,-0.004838866675428361,0.0029702581643624697,-0.0020918901070092507,0.00038724277957663295,0.0012252346887819242,-0.005298543186849841,-0.0007754891996850214,-0.004152212103778011,-0.0076440341016185695,-0.0066052024371538245,-0.006219730409682096,-0.00451981039015059,0.006179370607534259,0.003935810060332219,0.0017281982131913734,0.000145952339545457
0.0,0.0,0.0,0.0,0.0,0.0,0.0,0.0,0.0,0.0,0.0,0.0,0.0011218320866947728,-0.001679648778016432,-0.0009440935835215471,0.0007976931231023503,0.002016260085587011,-0.00014279025564130934,-0.004505972971214981,0.00374817323292957,0.0021590952179497873,-0.0009532862383933538,0.0057106178308260055,-0.003975881462713845,-0.0017563002735851638,0.00566246781984985,0.0033807557669011446,-0.0012467588542618866,-0.0032731670930723406,0.00041661656153462535,0.008742146597308155,-0.0022036676019407475,0.0075367925337022305,-0.0034766823011478983,-0.0053461383215641055,-0.005670931868626241,0.006095947617817589,-0.003550603604554503,0.005895666754246442,0.004608010535650201,0.004064715773361814,0.007075873209127195,3.178873257595836e-05,0.00429696328247383,-0.007210075026273124,0.0038944977184360726,0.010060400676079983,-0.008797376225174484,-0.011802769232142928,-0.0012573293087104942,0.0016452977437172703,0.007344346309112424,-0.001766709678470944,0.00883331727432664,-0.0057062820023495555,-0.0040697523798664806,0.0027752713036132003,-0.0009591076698239006,0.006974284656939865,-0.0024140979698925825,-0.007305966840842122,-0.0044110304433492495,0.0015339918461419395,-0.0005819307540977669,0.0009126433545842842,0.009816762849584236,0.005536391096100061,0.003154281915024938,-0.0054598564694148055,-0.002730644033217883,-0.0009336394494242833,0.0005308506207891857
0.0,0.0,0.0,0.0,0.0,0.0,0.0,0.0,0.0,0.0,0.0,0.0,-0.0011474246611269576,0.0008686334221466212,-0.0022903874749541147,-0.0004574404399218948,-0.004413623748359328,-0.003306904810110047,-0.002504358935718373,-0.007010278004653572,0.004575332495840616,-0.0015070210470677179,-0.001863277706335619,-0.00606995850906659,0.0037551565272715194,-0.005122625775055123,-0.0014074302272333772,0.008607311020927138,-0.004040430900470312,-0.005255317571211572,0.0031433191023332928,-0.004575750663476357,-0.003022983528678515,-0.0010617641170124765,0.0016246646377053294,0.008790823965186215,-0.004817983897770066,0.0023585080363447307,0.0011293936457036434,0.007202875146602799,0.0016765874519225304,0.00030527680880855664,-0.010348737802267576,-0.001718074345318888,0.0027099657148218726,-0.008462338230803921,-0.0028815073080432187,0.004128331318743354,0.0034039559843364545,-0.0010099760156145076,0.00037405032537912817,-0.01025288309744528,-0.0033003272612230645,0.0068529310942769175,0.001218120307676822,-0.00014398497684672826,0.010273030380659657,-0.0070139629903171845,0.00048138799559048744,-0.001359900170809683,-0.0033407348710648415,0.006133437167757582,0.0018014393712688292,0.0052684281266611255,0.007903791826955189,0.010944340310645614,0.007393221008671443,0.003988422596938452,-0.005962715006978142,-0.002537453466561742,-0.0009954045409526551,0.0003812756010767133
0.0,0.0,0.0,0.0,0.0,0.0,0.0,0.0,0.0,0.0,0.0,0.0,-0.0017644557926335884,-0.0029338441987306666,0.0025897311406934717,0.0018908026444366926,-0.0023740106365702,-0.0021614886495138854,0.0043862863327907035,0.004310484288049214,0.003806566392396559,-0.009087039659185888,0.000497097983201572,0.0016620818261313213,0.00471768346696503,0.002611473402810603,-0.006388840288174295,-0.00141610337429786,-0.0056284784091498756,0.002656108645390904,-0.00343561789884073,-0.0019049615380273006,-0.0037150364015886062,-0.006266937040063839,0.0005610631562429966,0.0020828355863595667,0.003983410542148091,0.0021354109805268823,0.003037769258199123,-0.005451934665631739,0.0078635042987218,0.003343516112055924,0.0018820771858199983,-0.008922185918679994,0.002267053757295721,0.0007350527797448178,-0.0069972227179554225,-0.0039842186991841146,-0.014137676183452253,0.0014263433896819144,-0.0036934608819753616,-0.006869097357406054,-0.0023087936660542794,0.0007554668307747393,0.009639119163699212,0.011634826662420964,-0.005842098784663872,-0.0011086582723262694,0.0005660830245347099,0.0013446108580328086,-0.0026346800817868598,-0.0018663778099823065,0.004780427433541617,-0.007192437602578616,0.005015814283396281,0.0026668050512912355,0.002134518059963157,-0.009922007225609425,0.0008906434403133333,-0.005094200902633846,0.006906945373074129,-0.0006469095593753845
0.0,0.0,0.0,0.0,0.0,0.0,0.0,0.0,0.0,0.0,0.0,0.0,-0.0022689837059085786,-0.0009050114753689355,-0.0032905564426077196,-0.0006735698242423408,-0.004368950583020781,0.005845374391245331,-0.002747089631682635,0.004988308776570463,-0.0043002860443553895,0.0011091389631030066,-0.0014833634040463174,0.001702759287303659,0.0014141042512643637,-0.005999150365857815,0.001232298878412472,-0.0036097123216492647,-0.006703837470172467,-0.0078034605981559865,0.0041785843745623585,-0.0015791515206931154,0.004032728838937807,0.0018189835421922543,0.007048033052494158,0.00649892481781771,0.0035755786967978124,-0.006243102404305284,-0.006268756529306876,0.0025762881179809934,-0.004705507378779322,0.0007343182226684543,0.006105134385144655,-0.005984085066003625,-0.003561838537995912,0.006031212319428842,0.00970650230883966,-0.0005257908478784617,0.0076957444396359535,-0.001429168846004247,0.0014146049043558576,-0.0005952293653155454,0.009137247072109562,-0.006101933239822852,0.0029185640717749807,-0.0017664585835792217,0.009301989501027152,-0.009292647273102023,-0.001057474777125546,-0.0018436913176361595,6.638756177337257e-06,-0.003219609347632408,-0.0007345385784158425,-0.010958305840995752,0.0023667557451861054,0.004260288333054627,0.0009367708916538503,-0.01005581379463722,0.00292696851435906,-0.00575355182452383,0.00652745909274453,-0.0007942337950270861
0.0,0.0,0.0,0.0,0.0,0.0,0.0,0.0,0.0,0.0,0.0,0.0,-0.0008662934314479462,-0.0029328699397840456,0.0020725809751484595,-0.0004984615450464579,-0.0023422400220902313,-0.0018816511872520453,0.00318011289870656,0.004529920751860543,0.003394250467318317,-0.00369999471664131,-0.003332185940333225,-0.0011480568623072655,0.001592415456719524,0.0008993034143825034,0.0031281240725902185,-0.0012402098276025322,0.00016526152511735305,-6.365985721054706e-05,0.0009213657330763424,0.001225160190140258,0.0010805513883677539,0.007078069774577004,-0.001981131804945101,0.0003550492819043597,-0.00322584514499456,-0.0028308519885627288,0.0006302571389795672,0.005400784863304406,-0.0007843506305708765,-0.005336799522321054,-0.001869355314709554,-0.0021526374256933462,0.004501746137351663,0.005960282022695637,0.00657689768877196,0.007889548589289995,-0.000493630159385521,-0.004353721256872698,0.0034104414854075797,0.0017366373385379551,0.003515980640522371,0.0014301560085270895,-0.005214283071578783,0.004756520852758857,-0.004207670530278415,-0.007298016348356504,-0.003994206631648569,0.0003388577541542184,-0.0035179787664900686,-0.0037865068875351008,-0.00251902534817235,0.001271993131026059,0.0026482275830982537,-0.0023884713249149162,-0.0038155764487000326,0.005579183776793452,-0.004639950796883097,0.0063729114950725006,-0.004338501076279601,0.0009206936942195574
0.0,0.0,0.0,0.0,0.0,0.0,0.0,0.0,0.0,0.0,0.0,0.0,-0.0021700999707102743,-0.0005186543473661142,-0.003788788656563587,-0.0008571868304413419,-0.0039199566414878624,0.005251192093382301,-0.0016476218478376284,0.0037210408612956968,-0.0029008025553398896,-0.0004487114762593992,-0.00022354978203228506,0.0012351600764547773,-0.00022336663693213078,-0.0036944240448897325,-0.0037546742911346125,-0.005324421432733644,-0.0031638099144781578,-0.004028481992398835,0.003411697796462107,0.0011318951409219856,0.002554927553823246,-0.0017240618444962332,0.006226939200473795,0.0021741339748930937,0.00026456320611127957,-0.0014355374108955502,-0.003133893077044996,0.0027473582063844803,0.0001482844616158461,0.000561863067348985,-0.0035159640350043123,-0.0010304022233842093,0.002018622360875514,-0.001487785663121347,-0.0009774520697674862,-0.004820732763169596,-0.00476612260436312,0.0041131572350737305,0.00019746415700376798,0.0002106021411153477,-0.005645910461535298,-0.0024969580146791577,0.0031190170236041035,0.0003025311210448646,-0.007552661617310514,0.008007343939763635,0.0025266666722193317,0.005536181155935997,-0.00019865555810617952,0.0034655308602962267,0.0007546647467487919,0.007697264104677484,0.0022602940098019773,-0.0006732168506925587,-0.002709784112117443,0.006572381981170366,-0.005345297502473459,0.0070115004602085175,-0.003956863822697029,0.0010193849887835265
0.0,0.0,0.0,0.0,0.0,0.0,0.0,0.0,0.0,0.0,0.0,0.0,-0.0002601913797287909,-0.002911160340368779,0.0007656599527483326,-0.0026555932925685513,-0.0006580276107926576,-0.0003218397318093479,0.0021809938806633187,0.0032181255978750876,0.003793260669788844,0.004426314753560096,-0.0035194076966932465,-0.0019969704586076152,-0.0011238044689524912,-0.00473983737978246,0.0023598518757534832,-0.0004279226471860647,0.005490429292620705,-0.0018867533957974587,0.0035274488887810387,-7.459685600115384e-06,0.0006854063521339992,-0.0034554838767008166,-0.0012873935551468093,-0.0027440260575535493,0.0041961108486420935,0.0019668549332420397,-0.0016361905607825446,-0.003964917406370338,-0.0034653959281205613,0.004805892341770141,-0.004800382160267251,-0.006578358008816601,0.0003841188228716768,0.004074579618183211,-0.0024144495256491335,0.0018388182665976512,-0.0037078756254202688,0.004431382783133872,-0.005731185602837553,-0.003028795528191232,-0.006932767470138265,-0.00278523791835227,-0.0007131369600823296,-0.004872756316392372,0.002393057309535845,-0.005611056244951866,0.004265219676833521,0.003820321083277709,0.001549341064562782,-0.0010344331260628507,-0.006999035061316271,0.003909547764625205,-0.0030191669094860305,-0.002773697047613103,0.0012858100515475755,0.0019714559633764502,0.005486293390292443,-0.006593964910942985,0.0009125212620726442,-0.0014726510397056445
0.0,0.0,0.0,0.0,0.0,0.0,0.0,0.0,0.0,0.0,0.0,0.0,-0.002128737503238192,-0.00012607873338594053,-0.003961700459666531,-0.0007844232819573043,-0.003465332668544675,0.002276811507324095,-0.0008887588005959084,0.0008628607895627484,-3.345686801400499e-05,-0.002549936706792127,6.834087893611151e-05,0.001925506692248656,-0.0037675721157303284,0.0015937809648290478,-0.004985784494705354,-0.006424271556041451,0.004189336396115036,0.00026280266294513365,-0.0013746884903376145,0.0008031635638229992,0.004263946305127078,0.002919099876056461,0.0025680266065329226,-0.0007897779153575493,-0.00013725304630362274,0.0021767399775109593,-0.0023095391366128016,0.006557424336030674,0.007545940096541422,-0.0012285504746746118,-0.0039943696070298615,0.0006515636731043875,0.00231092212873351,-0.006576637250221856,-0.004139336724280961,0.0002040933337558116,0.0005179768743018255,-0.005626156504221285,-0.0017350451220189953,0.0027148011936595174,0.001063042876405581,0.007603191155364518,-0.0020883848283911534,0.0010457257525815589,0.0011048829502808648,-0.002746055234043318,6.549564110692266e-05,-0.007699144625245054,0.0008654142283771751,-0.003919790909722484,-0.00477730684155761,-0.003293944524683017,-0.00480148441117098,-0.005052208820574624,0.0011563438753097823,-7.788372611406027e-06,0.00507085658664616,-0.007454454152828341,0.0006909695491660634,-0.0014790658797720927
0.0,0.0,0.0,0.0,0.0,0.0,0.0,0.0,0.0,0.0,0.0,0.0,0.0002644365985442726,-0.0028909709484057507,-0.000767880977485128,-0.002608934435792117,0.0015708592374375774,0.00015205923412362442,-0.0007514432257048266,0.0025817630382818793,0.004162469841981805,0.005403576600105974,0.0007030879380456388,0.0032226439937635154,-0.0009351284107907436,-0.002710853582987585,-0.005657777372062948,0.003698793400611344,-0.00010934971461086556,0.002476061130431447,-0.004895281834390292,-0.00026494920501526545,-0.0006291848885108653,-0.002435359503561616,0.002789286118499335,0.0010050780918827045,-0.0034275519417038118,-0.004560385014683718,0.0003853868799170439,0.0036881460328971236,0.0032541795469511314,-0.001477480600355226,0.0029034196512524087,0.0013725959008761394,0.004516343161857196,0.00806921860932306,-0.0015222488041276101,-0.004948681420615963,0.005677050515120118,-0.0050025412672362775,-0.004269204630624181,0.002160785978546794,-0.0019406596308418195,0.006649086123824557,-0.0021948107447019244,-0.0026147956169157572,-0.004972839856699772,-0.0037118330782848225,0.0042189460693150905,0.00017934865534501216,0.0007875429814038036,0.0002760131207581272,0.006168359576506424,0.000986748412205187,-0.005033592728304063,0.0066214270462422115,0.001994001086177769,-0.0038742113781857226,-0.00038748968495394196,0.006537343349370091,0.0019542198982923074,0.0020316693098897465
0.0,0.0,0.0,0.0,0.0,0.0,0.0,0.0,0.0,0.0,0.0,0.0,-0.0021424941836711573,0.00026848734122531334,-0.0038944131500097344,-0.0007945564705874535,-0.0036343505960083756,-0.0017643316061726302,-0.0004240341462597283,-0.002040228532557393,0.001987588512817351,-0.0022195599066294216,0.00012174759865096749,0.0015823544649936165,-0.004803383037114478,0.00010473316568023468,-0.00030896795617164154,-0.005672029597403142,0.0052056955259562965,0.0011298050014088184,-0.002334398402591865,-0.0008939142990552674,0.00354174237030138,0.005798205144089121,0.0028003857741102684,-0.0016123659836815099,0.005151977174464488,-0.0006421359629969973,0.0027279530390271487,-0.0059162366178883204,0.002346675638581934,0.003071027944378094,0.006554807233753804,0.0022486256128638107,0.0013988453973558764,-0.0019431743761007321,0.0008283251004308835,0.008539757255573705,-0.002667889858606796,0.003644302421315161,-0.001331302425293196,-0.0022414828927513892,-0.0017585116138724949,-0.0012286801300179094,-0.002032196456429602,-0.0022861029063461283,0.006230190661525502,-0.002701592612459106,-0.0036488110594666444,0.004589020135262398,-0.002471316248101642,0.004572082648686434,0.004769912001153821,0.005079223669769128,0.001997568390023691,0.007061846095581669,0.0010777010398859111,-0.0033295854140164994,3.185128028466206e-05,0.007551137112350668,0.0020711219471732105,0.0018082461782813182
0.0,0.0,0.0,0.0,0.0,0.0,0.0,0.0,0.0,0.0,0.0,0.0,0.0008878636598885735,-0.002901787863614296,-0.002135846257057178,-0.00042414875286152497,0.0026789631679906612,-0.000918425754260891,-0.004395660164106199,0.003578850005719015,0.0029526590919464286,0.00032943407836171044,0.005598547675533804,0.0004239179180839393,-0.0010888619659840993,0.002780532766533635,-0.0002831991911422879,0.0001707054333461596,-0.0022196791927412813,0.0011108963583360213,0.000751976772646647,0.0029732811146860956,0.0014370248093004642,0.005026475545296252,-0.0008360474369345197,0.00390527935750112,0.0011888209174963542,0.004676119274497844,-0.0025613118285879094,-0.0011132725808654694,-0.0049856319809339755,0.0007156460848469732,0.002149470881057231,-0.0031642346251051475,0.0029316367247181627,0.0005810421328508882,-0.010219849006467871,0.006006105081139272,0.002490608993907696,0.005414650644446258,0.0038757084360390762,0.00707191795242593,-0.003068502714487013,-0.0026674061458389297,0.0057583652732493594,-0.0017763582894427417,-0.00208479968843074,-0.0025872120841518853,-0.00827831647972568,-0.0023647717049569564,0.004523621712178632,0.0025485296770420126,0.000201576622487491,-0.002473160359222552,0.0002626597196683255,0.0017798374515664334,-0.0011060192844247788,0.0018526372519548217,-0.006791851539643974,-0.006734551587337423,-0.003384251593966207,-0.0018883478787489877
0.0,0.0,0.0,0.0,0.0,0.0,0.0,0.0,0.0,0.0,0.0,0.0,-0.0022273975122023217,0.0006743637207257201,-0.0036392248194491383,-0.0011761195766778422,-0.004274201912803621,-0.004943358337541391,0.00021996677071928347,-0.00411540007158388,0.0029593429179879975,0.0010934250576925468,0.0009815756378229088,0.0006132383217797268,-0.0004269657377722412,-0.004947118203707158,0.0023586572348639635,-0.00460987778977263,-0.003330271146726278,0.0026530289903744448,-0.004991431753756348,-0.0006751446477704338,0.0012237317536553315,0.0015416997039413574,0.003142039752435154,-0.005073762705945872,0.002286955462744088,0.0023072901547909587,0.004338564709990628,-0.003829899825738623,-0.0015149864586878933,-0.001834891893056759,0.0005712074591141141,0.0016868470931794628,0.0020031189996983223,0.003843199084352314,0.002751826806408538,-0.003582939151159809,0.0028895328264569144,-0.002152340175816937,0.002033882195821855,-0.004551030496314591,-0.00024518655296360865,-0.0042482004025939536,-0.005587431738509179,0.0008126522287528006,-0.0066455232019154474,0.00452971698846939,0.00570295752735161,0.0008735017749489658,0.006516870356338179,-0.00402816856385408,-0.0009718006193839469,-0.008669768701103048,-0.0015067247473089843,-0.00043933665903072476,-4.7637331684427284e-05,0.003439183001778212,-0.0066946750443993095,-0.00762808288216886,-0.003375861054114421,-0.001443477824815917
0.0,0.0,0.0,0.0,0.0,0.0,0.0,0.0,0.0,0.0,0.0,0.0,0.0018186012179349771,-0.002949419409822624,-0.0029581098797479303,0.0019243353453261638,0.0018091612806750016,-0.0015982071206103437,-0.006357533117302034,0.002809422968411971,0.0029645168262748814,-0.0031503319027308837,0.006042458142315174,-0.007379014492364985,-0.0017926928348493576,0.002177040321212053,0.005881586391317093,-0.003501626036218748,-0.0003154165033131442,-0.005155251050308516,0.003302131920663231,-0.005949791017520972,-0.0025447797315924585,-0.0046377997201682035,0.0009262393678328133,-0.006106564126610783,0.0031935138832269385,-0.006198977851228423,0.0026771902022060994,0.00010627682370554741,0.008545084382237585,0.0026520790257775783,-0.005938628121096733,0.008786659017439713,0.0064534600365530855,0.006189150160869461,-0.0013640065551130452,-0.0018549068419805932,0.009550229695202106,-0.0033955700006096418,0.0006530644965714529,-0.011246564057615512,0.0037777056604087716,-0.00246251071974857,0.0029140731146556913,0.006213826708927413,-0.0002394980414752467,-0.001751032888380655,-0.00029507938471674914,0.0007680789540269288,0.009176571556039546,0.008330613700054503,-0.0013975568367706728,0.0025769147810348987,0.005413096312295375,-0.01069432540012978,-0.0024407811226755563,-0.0024114507395574776,0.009511375988988107,0.006629389240633176,0.002939982948750633,0.00014357151264864497
0.0,0.0,0.0,0.0,0.0,0.0,0.0,0.0,0.0,0.0,0.0,0.0,-0.0023897544701189702,0.0010453608551711782,-0.0031839693061296473,-0.0017210374878283568,-0.004513106072722209,-0.005890458752246687,0.0007665332069279622,-0.004209670527190256,0.00319225166056709,0.0038314679465180027,0.002421616850149769,0.0014464731792107693,0.002898623151666323,-0.004805529691935074,0.0018731709228084392,-0.004748183723838363,-0.009801213643999633,0.0045310508074019795,-0.00479693431883453,0.001241896268957605,0.003411927357023876,0.002288483084230994,-0.001247731434824144,-0.009761420103511682,-0.0013289366292853378,0.007133188835859575,-0.0009487723635527847,0.003914414453512843,-0.005667724603621684,-0.00041149650641547815,-0.0035908429767238558,-0.0015161897904086047,-0.008892975635545053,0.0073032720694276385,-0.003993223537270207,-0.003945525454838095,-0.0036779157753382545,0.002781725062952587,-0.001097545138674197,0.010052397520740095,0.007457605067956881,0.003966842225282383,0.010963707010736184,-0.0016420714469952318,0.0020676020784514216,-0.002688869746925656,-0.004120117731334132,-0.0037401238448975527,-0.008871751025743327,0.0036620644278715347,0.00038323221100993355,0.008605290186142164,0.0009157243166222525,-0.006639354002188774,-0.003922755948495076,-0.004124681254486725,0.009702829422403586,0.0071463689977422345,0.003076611627186518,0.00012409327217074938
0.0,0.0,0.0,0.0,0.0,0.0,0.0,0.0,0.0,0.0,0.0,0.0,-0.002178264565549742,-0.004076855923450659,0.004761855782333601,0.003262210358296528,-0.0027723275423142527,-0.003788849837384602,0.0007652579634413579,0.002351641612196114,0.0015977874044544888,-0.005776037423826359,-0.00023936260833586342,0.004427646030216905,0.0022455229473503494,0.003723377273437892,0.0003109298256456569,0.004335239952881405,-0.0035394506175629396,-0.0033793687254542494,-0.0110992214012837,-0.004452133622107968,0.00620849306803736,-0.0038079824512346036,-0.002261153118428948,0.0028814370001192403,0.006494573743144886,5.169778545356234e-05,-0.006786110864688246,-0.004613196758144512,0.008588733072676888,-0.00011796779241329677,-0.0013914014836927389,-0.006711803555719587,-0.004814938812871469,-0.0005162541047873765,-0.0003858167164610328,-0.006597199741236098,0.005784329034357446,0.0008970106907652808,0.007889355514881128,0.00039792211598331295,0.0016276505967579473,-0.003855713435464435,-0.0018534138987907475,-0.013407848988843642,0.010561792817803173,0.005076517611967999,0.00022640875940973675,0.00048566022122728325,0.0053518885630372695,0.004290649503881858,0.001820722897736075,0.0038788699035476847,-0.009684014530910796,-0.0007226512559969969,0.0034345590262576478,0.007355719140531554,0.005576518221234377,0.0010152204673408547,-0.008775868877282293,0.00034710637998165526
0.0,0.0,0.0,0.0,0.0,0.0,0.0,0.0,0.0,0.0,0.0,0.0,-0.0035969575933309872,-0.0008021217832163098,-0.00262157897728845,0.002242075045233237,-0.001708645191121171,0.006132404830351552,0.002966134417901701,0.0015227131180127007,-0.0028675114284558985,-0.0012529871028136568,0.007263293633830057,-0.0017974373696793802,0.0020070830889742986,-0.008110089571993391,-0.002872049258530141,0.005516438616716008,-0.002515958595403662,-0.001154526323040929,0.003458143553946168,0.00014046268453922486,-0.0030361719932587394,-0.0009545109093825493,-0.00903110666872726,-0.005473669890459479,-0.0003273510045436896,0.00021091820748386173,0.004325298003991221,-0.0101341067493251,-0.0034233436745864402,-0.007665880693128943,0.00859001280280227,0.005722621690195303,0.0010986917730959399,0.0015038824175784146,-0.004406682206624068,0.003432169889252686,-0.0035055024600400154,0.0040011179718685,-0.0018487901322888824,-0.0073649098645789885,-0.0008460101002521405,0.012223553684858335,-0.00240173384835805,0.005273008018710204,0.005906441691028787,-0.003713043562594659,-0.003513165693369994,-0.009432263059044104,0.00045266307055235325,-0.002872689817023741,0.0052044672036459785,-0.0023853939705389742,-0.009798092447034876,-0.0058699355233289745,0.004539663889700226,0.006187986484435845,0.004211699878783676,0.0009130338088347291,-0.009050715689748159,0.0005159875189484999
0.0,0.0,0.0,0.0,0.0,0.0,0.0,0.0,0.0,0.0,0.0,0.0,-0.0011268355730792558,-0.0041311771463253865,0.003149520637683721,-0.0005782266082624024,-0.0032869787537856167,-0.0013926801813641527,0.0012698011879688817,0.0028509462968349755,-0.0005697219852092565,-0.0013135261519729542,-0.0015352069513717482,-0.001958926929426831,-0.0008844848520432312,-0.00029075131120168205,0.00398621090001072,0.0017617593158311892,-0.0021608894350824415,-0.005458520342725559,-0.0015573108282536873,0.006425458770229996,0.005113794361190456,0.0031299362187512734,0.00020314534149113364,0.00010499531539600415,-0.005609316845358514,-0.005262302422926215,0.0033326378853159293,-0.0022350791177034143,-0.004128849043172907,-0.0010090881085856383,-0.0004067338956784873,0.0063071892715105,-0.00038672676005974295,-0.0011750427743120225,-0.0008748374324235941,0.004262539037644399,-0.000921124027559055,-0.0008606690085959519,-0.004031049876906856,0.0013349260126788816,-0.0009553965386893536,0.005191200942802767,0.0038417511339466147,0.003188466057557162,-0.001281011131439403,0.011513458508382575,0.004239479864385553,-0.005819390359029613,0.002874668863540957,0.005385649770080214,0.0004972624755096137,-0.00040617570049982746,-0.0002968593368361744,0.005159405944882758,-0.0011765992720863768,-0.0051703659028763576,-3.368747977804118e-06,-0.003233669616907974,0.00801966002882517,-0.0008647571653463529
0.0,0.0,0.0,0.0,0.0,0.0,0.0,0.0,0.0,0.0,0.0,0.0,-0.0035356719148850616,-0.00047439143518472095,-0.002951983320993265,0.0018039907024380644,-0.0010728417288619915,0.005022597596795318,0.004478412352255007,0.0013827799682245882,-0.000934449478955463,-0.002663874017317996,0.0056897185751081545,-0.0016551423674304535,0.000479451008846531,-0.0029753308566605593,-0.0011919744072463935,0.004448312333388755,7.381165451673661e-05,0.001318500713396074,-0.0009376625815245461,-0.0019169290542830546,-0.0019247587818668752,0.0004956902746206119,-0.008462570004972922,-0.001387744470144589,-0.0028565616570308643,0.00346509044128627,0.0018446403776792293,-0.00148804796410442,0.0033779267737268906,-0.0024180180909283712,-0.0016332776061623588,-0.00028406618382142404,-0.0018424362682693913,0.002398745190305846,-0.0010147280374059808,-0.0001840655488862767,0.001933030000050763,-0.0040254224441766675,0.0030044300272128225,0.0036287162154640296,0.001896317362514084,-0.008442807548280123,-0.007415550837313416,-0.0045539711429942445,-0.002036347641001774,0.00012922143998680475,-0.001927287716173591,0.004795322393459369,-0.0009166906940969657,0.00385229239471706,-0.005625615417330635,0.002720023435212168,0.005557967409637259,0.00811170011893742,-0.0038942358772196,-0.005041539454678467,0.0009766552682780587,-0.002958349472190478,0.007802167986073396,-0.0010797536375639727
0.0,0.0,0.0,0.0,0.0,0.0,0.0,0.0,0.0,0.0,0.0,0.0,-0.0003374710748720751,-0.004118099019937569,0.00105095469378161,-0.0034688341013349795,-0.0008383618347120834,0.001640973837250052,0.0022214323998131493,0.00060542369636338,0.0012262530942369375,0.004363340821823592,-0.0014846065395551845,-0.004167581509483422,-0.00023869603465600045,-0.0013235866144307358,-0.001263191029357634,-0.0017781459911902458,0.0018493051321217026,-0.005498827882267835,-0.001000152334490659,0.004505479458773842,-0.0005724413327036087,-0.006150697008510516,-0.003611484221152777,-0.002273765458981963,0.005372152995988192,0.006608772844480219,0.004561921613367163,0.0027134080083584685,0.001172752279558327,0.0017959690550722394,0.00017377217649891007,-0.003028061998395789,0.004053150371320985,-0.0063068990712203225,0.0006005146250305207,-0.0021151157514952374,0.0017062030443024722,-0.0007654925573437662,-0.00043932782281102774,0.0030099382375116455,0.006569922485486235,-0.004430381468962565,-0.0035385567094990892,-0.00043660419079664676,0.0025601806899263565,0.0038912085404842977,-0.008226813087397958,-0.0038681153264596623,-0.0025350708747641872,-0.0004743419585043283,0.004095870948136816,-0.004047985432206059,0.005290570127357446,-0.00439213450371972,0.0023524516125343277,-0.0028172875729759856,-0.0060249855017028104,0.004101527768303818,-0.00446875891122004,0.0019756039115455103
0.0,0.0,0.0,0.0,0.0,0.0,0.0,0.0,0.0,0.0,0.0,0.0,-0.0035050178244275853,-0.00011906659559314237,-0.0030056692374753635,0.0007845054414717868,-0.0006029282615456036,0.0016143054075638183,0.004677767238886897,0.0010105308502092038,-0.00013968544461033367,-0.002566338119999514,0.002030827984960875,0.0010229176602888827,-0.005665425593134957,0.0019237095032206648,0.003118048040852228,0.0023420480028751587,0.003424746725846434,-2.5437383243351876e-05,-0.0008854104599177222,-0.004937313823964319,0.0001536044508222076,-0.0006434085074647765,-0.004405283071450918,0.00536284813502579,-0.006423105401819993,0.0023022160314126955,0.0015721671287298998,0.0021986214842799985,-0.0035245852973909385,0.004831515347282834,-0.0052306246546870066,0.00022350209978478527,-0.006301188043130773,0.0047834661740836105,0.0015239416192340638,0.0011474977708974621,0.0020356896725085803,0.00295938881682509,-0.005196718403310909,0.00047082344296019304,0.001665428296303903,-0.0020490685361275024,0.007699724413927211,0.0014037114720711528,0.00024012396211871788,0.001503406698919839,0.00594912277870892,0.00208384142763668,0.004244697378131577,-0.004208086922100684,0.004904016933797812,-0.004391611033790982,-0.0005570690889303388,-0.0054929249501285944,0.005261409582761735,-9.437928849439288e-05,-0.005903115435240988,0.004121917359432302,-0.004339675877388823,0.00222369524029182
0.0,0.0,0.0,0.0,0.0,0.0,0.0,0.0,0.0,0.0,0.0,0.0,0.0003714734007179302,-0.004084517159269187,-0.0012050395989792054,-0.0030475375119847904,0.0022726141794449125,0.0019111622335737078,1.61651302060717e-05,-0.0004883550162390081,0.0028627010260297435,0.0020617130133955613,0.00019983941382791572,0.004112343703052408,-0.0004223969352632466,0.0006334753721248983,-0.006357106459806515,0.0021970425962303942,0.00042867992870151,-0.003971378854720705,-0.0052882542222794475,-0.001216199156310499,-0.004512475270840655,0.005221259969434534,-0.0010863945532648407,-0.0016936004359697893,-5.7166009986461644e-05,-0.0032823796925477754,0.0014472271817664616,0.0065948997759460995,0.00014302765823665637,0.004120794054835291,0.0023588391392029744,0.003842875264824835,-0.006796132568198293,0.003058702600825784,0.0019981552555099987,0.0022363837504088143,-0.0033014740941824236,0.0008434724057248781,0.0038357217237055268,-0.006287375154949468,-0.003349431316877307,0.0011118063812582952,-7.365934249733188e-05,0.002710886656622093,0.0071297141195992425,0.00570140205846479,0.0016791004652516822,0.005503823210592039,-0.002515613109829626,-0.0011631449683734178,-0.0019186536469746234,-0.0017413887653520504,0.005378302264071985,-0.004316291617103704,-0.0062128241990116895,0.004320388054697674,0.004783748894041492,-0.004147088092436688,0.00011095875765506858,-0.0037403720919584765
0.0,0.0,0.0,0.0,0.0,0.0,0.0,0.0,0.0,0.0,0.0,0.0,-0.0035252926743207145,0.00025136677301932573,-0.0028842152075176067,-0.0007811797131664617,-0.0005444877930261282,-0.0024743124997545505,0.004197818131231483,0.0009799202297137335,-0.0012254335888444733,0.000514779582003842,0.0005691280801638841,0.0029074532701484227,-0.0061613682729109815,0.0019179762467164592,0.004293174279213005,0.0011612690528701813,0.0025728357823884304,0.00023154016037608933,0.0013651791615059375,-0.0004265849025157787,-0.002988695451774095,-0.00622142176185667,-0.0010946620796991329,0.006357667068215535,0.00042275362017103247,-0.005453820535977836,0.0056831052398984,-0.0002447893639622473,-0.0037649749014891424,-0.0005958407322368541,0.0009663674288386343,-0.004396645747445931,0.003992264557173272,-0.002912793829034838,0.0017737266641410013,-0.006909363279335891,0.00329940158977575,-6.858961223210098e-05,0.004913465175367751,0.0003162518546468993,-0.0009039292636733285,0.0057347857558635845,0.0030983556815372074,-0.002326749929304055,-0.0029359393432805882,-0.0013425289215154852,-0.0037293220780170713,-0.004122861601424797,-0.008518236471273838,0.0035185328498718495,-0.0002061120401234778,0.0024945230711093174,0.0006254328843136276,-0.0013586544740494821,-0.00861014515192671,0.0015733066729063244,0.0047389586468355215,-0.0046961784872593445,4.010687866570953e-05,-0.0037507866277498945
0.0,0.0,0.0,0.0,0.0,0.0,0.0,0.0,0.0,0.0,0.0,0.0,0.001168448370004683,-0.004026871397383471,-0.0033217366248495337,0.00022166598611399988,0.003352131028497,-0.000991973540559001,-0.0030265003399596088,0.0011877063679454794,0.0007356480841973324,-0.002853164409830056,0.0022305636946761942,0.0013263709147851776,-0.0008853024621489441,-0.0010136296194736905,0.0018003457836164418,-0.00023302352943770785,0.0022114540102685445,-0.002523691518843166,-0.0025709801103394247,0.0035055202899697746,-0.006436759911818992,0.00494566565932113,0.002452652359340614,0.0053685464720580845,0.00037361759720903117,0.0055501012181710715,-0.0027001475039158157,-0.0073736805542102815,-0.0049102093644775,-0.0014989569192855455,-0.0027068228532799734,-0.0017800743133127243,0.0033095211399510435,-0.0022253292917185597,0.0009362657010132859,-0.0041932490264435926,-0.002000771523993705,0.00042139072469242825,0.001796486492350833,0.0013898041703566352,0.005389109569999616,0.0006033909574455734,-0.004085550614135477,-0.0009006692762153968,-0.0012613554739970322,0.0023693898728505795,0.00895458796082627,-0.0033419509055364447,-0.009199517383204176,-0.005791718377171512,-0.002447155954884814,0.000464727825537745,-0.000709212201338138,0.0030005805346016686,0.00687422900334344,0.0012888555770591654,0.0028991513832395746,0.0046722243925740314,0.003389778972155356,0.005289906922857798
0.0,0.0,0.0,0.0,0.0,0.0,0.0,0.0,0.0,0.0,0.0,0.0,-0.0035985375698384414,0.0006051504256331203,-0.002607760792874253,-0.0025044207907166096,-0.0006617780835397687,-0.005306806952383006,0.0034911931794237992,0.0012711221797125458,-0.002312880388216771,0.004480811172401688,0.002733260684337215,0.0042399905563893815,0.001590041904344702,0.0032304228694745043,0.0012715018867424806,-0.0007914921560899151,-0.0009686192933508689,-0.000173729085238566,0.00233164651662826,0.0040220945642618425,-0.003645196903231507,-0.0032586924567815593,-0.0047495640064793496,0.0032898680133811135,0.0008125504114276717,-0.005654325760039059,-0.00474672215159448,0.0026199088089660905,0.0017924101623713153,-0.0006256471738418531,0.002313301779533453,0.0007955860591799761,3.245564608807298e-05,-0.0033409085556616643,-0.00025721557437254343,0.0023778045222869557,-0.0010678567646853862,-0.002336025192255389,0.0020601672007398626,0.0017653495703945751,-0.009256529109117511,-0.0031235031270620446,-0.001455191400822257,0.005328837298663585,0.004388621939197789,0.0008847847339168835,-0.0026130706635968458,-0.000573831444701791,0.0077084136718589,-0.004364974120363976,-0.005599041136701168,3.770227183102417e-05,0.003349599988343539,0.0028396399085134326,0.01023190526914558,0.001344403857026163,0.00178555063985702,0.005712317217853984,0.00330210548898302,0.004617513108474507
0.0,0.0,0.0,0.0,0.0,0.0,0.0,0.0,0.0,0.0,0.0,0.0,0.0022065705446403226,-0.0038994036284844347,-0.005134325732980774,0.0035022425082218527,0.0012407188091366022,-0.004042360175326096,-0.002787038483677192,0.0016025612126892544,-0.0007713625846979683,-0.0016802225049342776,0.0025090276968627967,-0.0058854644676221935,0.0001962540488819794,-0.0027829924947533236,0.005365446739921806,-0.006020124632773651,0.0016534580238899174,-0.002708329866651112,-0.006443556469545488,-0.003993884653775869,-0.007282617340448093,-0.008779637681418413,0.0019115822586767222,-0.0069966335220880286,-0.005679521616753016,-0.0068807952496564104,-0.0036450874468360417,0.004790019777033724,0.0022918841957493734,-0.008419220652256134,0.002256120865236101,-0.003440979394997134,-0.007178113109536334,-0.0029186858953777575,-0.00035843953669238596,0.005654024606609158,-0.0003502047380681176,-0.002157353909530336,-0.007852397960818918,0.0031096506480647436,-0.0052686142561390766,-0.0031025193496458515,0.004635980796553489,0.00038463668469091274,0.004493531483415123,0.0040375938562935716,-0.009223135860108185,0.005047009954742068,-0.006241095877666211,-0.00835571696809621,0.0008600007203900962,0.003320915941849743,-0.01036449570169461,0.00591822693693303,-0.004378043753333838,-0.003142740702945021,-0.008786180954116464,-0.006485123723405357,-0.004602835019728346,-0.003901271893056527
0.0,0.0,0.0,0.0,0.0,0.0,0.0,0.0,0.0,0.0,0.0,0.0,-0.003699291607345563,0.000880702175834373,-0.0021090386751325824,-0.0036426723206685226,-0.00045872886555403984,-0.0057412788503141444,0.002310536659130615,0.0018233914344483748,-0.0019833819070798325,0.005367898441766329,0.005319226454519732,0.004819039037959177,0.0062621092134415345,0.006053434671730454,0.0002187552690311898,-0.0012191296413207185,-0.0012601914135436179,-0.0039568715278222024,0.005979347272939688,0.003785631034164614,-0.0034642991051672518,0.00282280040414208,-0.005567843642038171,0.0006970738014476437,-0.0033360708859073223,-0.0014276177933123615,-0.010998172515297893,-0.004083438391019826,0.0057116397493478036,0.008431031032636259,-0.003052271575827449,0.0031390286246345605,0.006031996450790829,-0.003584944127240975,0.0012865352793894095,0.0018717149513615998,-0.00015209875297209603,0.003054271540143916,-0.006806745604801765,-0.0066617867013797835,0.013397967812757204,0.002773293670854783,-0.006381875469340129,-0.0018834972161065726,-0.0025256961729775364,-0.0011231981061024967,0.0052342541137209665,0.007817435142557554,-0.004302438610634628,0.006064710684454623,0.006140675390052111,-0.002465760024011912,-0.007608754902283618,6.416342786132317e-05,-0.008787132879747538,-0.0020441022481219543,-0.007033626324787849,-0.007557836252567219,-0.004539685760909154,-0.003075163531572067
0.0,0.0,0.0,0.0,0.0,0.0,0.0,0.0,0.0,0.0,0.0,0.0,-0.002357926292301942,-0.004888248287455181,0.006367107558911175,0.00426792985752149,-0.003989768950102548,-0.0046058043894003295,-0.005715813872483328,-0.0006331611908375083,-0.0033081781764825744,-0.0008612667262161249,0.000857321489981186,0.008465980352733665,-0.0030423997552035693,-0.0004196256805006274,-0.0016267238623669412,0.0031271780592535465,0.0006983304591417814,-0.004258759951505731,-0.0014011607158538164,-0.007714667740727325,0.0031453954896978023,-0.00552401516488129,-0.0014949253860410884,-0.002084191334787699,0.0037064145186628213,0.005811425665766142,-0.006602415050800097,0.000234228685514944,-0.004223416386123155,-0.0019194322416712364,0.0020757667062674327,0.009926084660747313,-0.0019876301777402307,-0.0038257237242507332,-0.001815629672358333,-0.004070479142533218,0.0051813600159634765,0.007512852787968842,-0.004102435862174144,-0.0012905432002083999,-0.005898991495022903,0.0016132336250807861,-0.007768271303127399,0.0023415028356771044,-0.005244052864797392,-0.01220035041781276,-0.0036417287737834487,0.001978057560739922,-0.0069594980254659355,-0.00850517960329034,-0.0026442814882719204,0.0009537706228515306,0.008313283084462586,-0.008967771036105444,-0.0027350348922287443,-0.0024090160198837747,-0.010177338951208996,0.001740956002525693,0.007143040979855932,0.00015564817691307285
0.0,0.0,0.0,0.0,0.0,0.0,0.0,0.0,0.0,0.0,0.0,0.0,-0.004881590256593876,-0.0006105626592750409,-0.0002498520393070451,0.006502463049203969,0.001830094197035663,0.0036309256164989484,0.0013502736204958202,-0.0022074871664665647,0.003039970357862946,0.001971227977511303,0.0039056796475534132,-0.0012701134720657697,0.008194699701896417,-0.0003794997180567007,0.002122928703086503,0.0041362073374313834,0.0037863470338630914,0.005623245238990452,-0.003360087985748739,0.0033915935400698136,-0.0006077526114948134,0.0024880169186608527,0.0054852521922586035,-0.005276747073771233,0.011416548133570764,-0.00637344455570532,-0.0026352604962194804,0.002254042993203987,-0.0002667489786931122,0.0031945687064233452,-0.0017770778164417293,-0.00596207223601585,0.006635260378668694,-0.007792189310921489,0.007047939334523091,0.004173587824878634,0.0037933155858443537,-0.000855907567406832,0.00313042617489742,0.0034167250978945,-9.198500286132387e-05,0.009103929982122888,0.013386236484724541,-0.005643401420201986,0.0017856866965174903,0.0018194136781666179,0.008093240743070313,0.004741512775739131,0.003582198573775031,-0.00601481151788487,0.0007306523302484342,0.0019078540442019776,0.0019043724590017104,-0.009325586615154964,-0.00063712324226874,-0.00017928240035394673,-0.010548331645320801,0.0019532929228941757,0.00794075995121679,0.00014091031429428784
0.0,0.0,0.0,0.0,0.0,0.0,0.0,0.0,0.0,0.0,0.0,0.0,-0.0012633679326039225,-0.004929075150993178,0.0038784303761769568,-0.00035065904930614496,-0.004094238805377279,-0.0003429511104982089,-0.0009199910523003196,-0.0010293813603902931,-0.004626094924358025,0.0005656638806960827,0.0030022530253826334,-0.0035069847516071193,-0.0017620615105092433,-0.0008534467143861474,0.0012701091547737816,0.002174148726964237,-0.0004712916863773288,0.002872348824493616,0.0007448784283120725,0.00657346705591685,-0.001321796396707116,0.004365216017377686,0.003576230931936953,-0.0015135664737384387,-0.004721655533928875,-0.0037996753839805953,0.0041080947021461195,-0.0016282237833641104,0.0027686547728592455,0.002411278511514177,0.0014284392696382756,0.0015109087914984272,-0.001813369048988515,-0.004356577177505572,-0.004079020704695634,-0.003448538592491549,-0.0011238846800206445,-0.004900270476788566,0.003263817247788211,0.0006439233601323925,0.0010459751842002121,-0.0021494378182150705,0.006442219698102439,-0.0035081225118411114,-0.0007028271566336415,-0.008134175453486523,0.0027724251897533886,0.01116356071978099,0.0004273085556829408,-0.003920503381235135,-0.0015581506100918337,-0.0019714828483898936,0.0006379463723348667,0.0025851124650230137,0.001293588033277859,0.0018691762570353155,0.007502703697945284,-0.00030089161731976905,-0.009692301147003347,0.0002843515252626251
0.0,0.0,0.0,0.0,0.0,0.0,0.0,0.0,0.0,0.0,0.0,0.0,-0.004845172631252886,-0.0003939243230765543,-0.0003707759630875542,0.005457128848835754,0.00227307800625972,0.0026190423424533715,0.0019014543694758684,-0.0011902071273280409,0.0034020967268289203,0.0011728776382175085,0.0006372985306022481,-0.0015924835368928455,0.003914735444207651,0.0022721292801759457,0.0036812386626128147,0.0029904828432825176,0.0007084756143188223,0.0010469023672796866,-0.003403386911366147,0.002004800532512276,0.003022124073834299,0.0010785912640267317,0.007084849032377173,-0.002016677914868736,0.0015066280024938537,-0.0005364964612315318,-0.006287091980342564,0.0024687252552739783,-0.0025047141063127523,0.004363507182321382,0.0004553348040933741,0.0037737603788978303,0.001109562772439144,-0.0010674590789802546,0.0019613390997046845,-0.001910479006409493,1.9071310497377627e-05,0.0005824953123787801,-0.004043197891670468,-0.0013182469588355384,-0.007548123283383388,-0.004698946858331562,-0.004266612850711952,0.006321943385795019,-0.002972401793842809,-0.001330678310407328,-0.0030954444656507546,-0.0074616758108307325,-0.007621864493694057,0.00585059690027001,0.0004712619141214098,-0.0033463032016994073,-0.0006126683881161045,0.002922991821998265,0.0005101060949463971,-0.0010099438898316044,0.007402836033471164,-0.001065468340575461,-0.009733893514575816,0.00045088066620322683
0.0,0.0,0.0,0.0,0.0,0.0,0.0,0.0,0.0,0.0,0.0,0.0,-0.0003760274286951085,-0.004917006440960923,0.0011981942889685076,-0.003339007878479255,-0.0009713662876706755,0.003666566133460337,0.0026226841020588238,-0.004429875131046607,-0.00021945980765584238,0.002616057177136816,0.0013036937018931518,-0.0055686045457904315,0.002256808738308599,0.003970921860578371,0.00011646156868933282,-0.004883962989994158,0.0002176252265898534,-0.00018968929391621222,-0.0021804070918826223,-0.0019391184605751495,0.0007977014517001857,-0.0031066512874870786,-0.0019821201424134204,0.004542286620910054,0.002784714266745746,0.006129649256501978,-0.0017274806227046253,1.364239282419877e-05,0.0008802735420799266,-0.0025180766032571753,0.0015471429787283482,0.0028868230217425433,-0.0024630460313494664,-0.001236541378839815,0.006094860729624173,0.002430981283883961,0.003522620538751623,0.004297802750882086,0.0023553316969978965,0.0006943467772492477,9.954733245591402e-05,-0.0013189088779635583,0.0042142031331286476,0.006677833808858395,-0.006419358855504643,-0.005686038300325302,0.004144792010444607,-0.0022848678423570902,0.001647633516082646,0.0016029924680060288,0.001861470902156279,0.0040214007954921015,-0.009305400093375719,0.0058997062044023165,-0.0003567810067026019,0.006265177844323655,0.0014684793199061846,-0.0003795331251449165,0.007993400698709978,-0.0016080707366810537
0.0,0.0,0.0,0.0,0.0,0.0,0.0,0.0,0.0,0.0,0.0,0.0,-0.004820466610879449,-0.00013744368529658167,-0.0003305736439140193,0.0026090765193782514,0.0026748454276254072,0.0004516902190054058,0.001723078289932185,0.0003041686428348282,0.0007849234456240342,0.0007663657587673819,-0.0029216819602227665,-0.0028981149697629564,-0.0047836986559376266,0.0027604426219911627,0.0023450508086082177,0.0038285823094393774,-0.003525313236560955,-0.0011864545125660731,0.0009700250087673376,0.0009221263667678936,0.00038862655248162516,-0.0016289146022754517,0.007869373984199173,-0.004806001305989036,-0.0027237651886289423,0.005706326151191591,-0.0039724436310654586,0.0020919868894906223,-0.0010147147115210926,0.002041547486838882,0.004563423179609503,0.00017836186777185376,0.0036502349217879012,0.001011498355913206,-0.0034714452417927374,-0.0017183395633363445,-0.005872351217468293,-0.0009702050532217799,0.0008581106769464995,-0.002533029911049517,0.007743711628038769,0.0025727504805000113,-0.004202762031252915,-0.00012046680595051506,0.0029586836057124734,0.0015862675366932794,-0.006531695090196594,0.0043451066753664985,0.008267277060438625,-0.006292796923744385,0.0003820363254403733,0.003374451300652104,-0.0005940068695955403,0.004408703934214567,-0.00013679694514307715,0.005956273697008182,0.00045434273833028774,0.0006060326062159257,0.008130496994426058,-0.002077546299072373
0.0,0.0,0.0,0.0,0.0,0.0,0.0,0.0,0.0,0.0,0.0,0.0,0.00043566471084351935,-0.004865802412738473,-0.0015662238940740121,-0.002407687684665888,0.0026430552903133875,0.0033077940014760556,0.0017162528848062683,-0.005321675294367131,0.0019639721578846242,-0.0015368947810276293,-0.0020515229218581723,0.005745175697596154,-0.0007123013126315739,0.0020888483407186667,-0.0002858146245168021,0.0012899626472181755,-0.002732970220864871,-0.0028862903420221967,0.0019118404212625784,-0.0044568668339668585,-0.000859438787443156,0.002894559170532124,0.00020792155595704255,-0.00625113162094383,-0.0023277762728941887,-0.005790646235627908,0.0023839928012300126,-0.0010613934548671373,-0.002715925363310443,0.0018748217383072199,-0.0020805597318059137,-0.002342071512171516,-0.0015590018595208338,-0.004731793646047132,0.0022157180032028475,-0.0034254575424562802,-0.004088695645792044,-0.0015570769858539457,0.00011529362168622539,-0.003290435379906736,0.0012831420942259594,-0.000616172396452051,0.0016003033028687708,-0.003996047249206905,-0.005467089846209309,-0.0041546919802872935,-0.008062333436546254,-0.004071350966061258,0.007004369910968235,0.0026959986620285242,-0.005021395948497066,0.004252737667676239,-0.0046136123735381045,-0.00015718944121878264,0.00244115432354529,-0.00842144858746169,-0.005881755634580927,-0.0003300077508771158,-0.00367170239191558,0.004694574097754899
0.0,0.0,0.0,0.0,0.0,0.0,0.0,0.0,0.0,0.0,0.0,0.0,-0.0048347931383620375,0.00013705957293046043,-0.00018637909114901452,-0.0012004850875264785,0.0032139812053253664,-0.001605194155934577,0.0009349970466184579,0.0014499834991634835,-0.0025322224160607885,0.0008260782555358045,-0.002962933383445022,-0.0036350013305461687,-0.003914934755081879,0.0022201716725008007,-0.0022604592723083653,0.0038382476361761373,-0.0025633339997979585,3.241996596336398e-05,0.0006959565655616905,-0.0005894075045633124,-0.0011478917316151836,-0.00042420990699169734,0.005421185947222707,-0.001309927111528499,0.007869997359003698,0.0010169428108594781,0.002437354738582048,0.003880314463062159,0.001465062804706737,-0.008461584403536717,-0.000543233688637836,0.002135827286398819,-0.005001797194678264,0.002381774203501414,-0.004964258419818458,0.005929637658764969,-0.0015918786402892302,0.00321107671339287,0.0022092768684823226,0.0005535611929028039,0.004050373521391595,-0.0009282418753645666,-0.0016892238419087646,0.001060200581292822,-0.0003629407170715261,-0.0011174511791738804,0.008621381343695915,0.003542068978246426,-0.003814216837216827,0.008068751380284385,-0.003784928850889851,-0.0024624083352368415,-0.004758023845593274,-0.003410663643906674,0.0013847882189340314,-0.006229565708270508,-0.004819042169409377,-0.0011417823008302516,-0.003871544130219848,0.005390621798135437
0.0,0.0,0.0,0.0,0.0,0.0,0.0,0.0,0.0,0.0,0.0,0.0,0.0013169839607543336,-0.004741839715744854,-0.004213891066603208,0.0015190250705983959,0.0036223797933178613,-0.001448357870826354,7.3761523399348565e-06,-0.0015544217244049285,-0.002624475429385975,-0.0035184962302538046,-0.0033969235428628446,0.002526091880629979,-0.0003811706214701034,-0.00428974894498065,0.0019574706523138806,0.0015480376198114432,0.0003135315444341603,0.002968989015938355,0.0007399762790520715,0.007325221865709804,-0.0005563414950870846,-0.0008192636624534674,-6.8030613610919e-05,0.0048722242382475,0.003389224582465216,0.0051614659469761135,-0.0011216864169797422,-0.0003524262147014346,0.001457301247326702,-0.002381484130817535,-0.0008272999472241103,0.0013702437049967528,-0.0028519868295627713,0.00045410549367658567,0.005297735268703824,-0.0027637603707011287,-0.003325512015011343,-0.0018138833523310921,-0.0022606536632062547,0.00464606675951531,-0.00244478414762224,0.004346795378001649,-0.003754599229500678,0.0033032841297880437,0.0030052989975872307,-0.005113704215299872,0.0019133986836358822,0.0030241743829347314,0.010054528367582163,0.009209404415997173,0.0043781063559602835,-0.0018208205073498964,0.005354972384512847,-0.003981597488591669,-0.002684216664505658,-0.0007309588745157368,0.0012125733663981581,0.0013063417781642216,-0.0014287080000588673,-0.009911489743902217
0.0,0.0,0.0,0.0,0.0,0.0,0.0,0.0,0.0,0.0,0.0,0.0,-0.004886907823748622,0.0003807659025321015,5.932817231239058e-05,-0.004568716014262036,0.003897891224839402,-0.0025861398747866254,-0.000603665211906852,0.001728334583494092,-0.0038534949619567,-0.0005540920950249593,0.00011557759468780424,-0.0011059036786332695,0.004429488761728272,0.0021746987245650543,-0.003075777454975892,0.0025084857408290075,0.0031686687479476625,-0.0028356829797977746,0.001377075404720422,-0.0036766983102925364,0.002178979175319768,0.0034489804077047085,0.005226616111209075,-0.0009613482436602774,0.0018120040921156438,0.0032134515027622368,0.0054323281534629205,-0.002586708952968272,-0.0006903326923899891,-0.004295175430744001,-0.002537457286665476,0.00126762123512987,-0.001653207001810625,0.002250566250638598,2.9921790390534127e-05,-0.00019975443982573704,-0.0014273382391839632,-0.0053823831620569305,-0.0007398547305012697,-0.0013628899292657504,-0.0030006955881345452,-0.006040374367338366,0.004117440648134495,-0.005825730324929421,-0.0012065194054169783,-0.0008528776428882567,0.0006852479579382611,-0.009944145463231446,0.0007953103849690088,-0.00846817762715106,0.006707160423774909,0.0061210922658162924,0.00420022463814103,0.000427348572425453,-0.0028872139732388385,-0.000836105354083378,0.002012021324547067,0.0015546573994804102,-0.00102919860533804,-0.009925639910091124
0.0,0.0,0.0,0.0,0.0,0.0,0.0,0.0,0.0,0.0,0.0,0.0,0.002363653205497248,-0.004488464314829931,-0.006625279812101043,0.00518747374347539,0.0013404512591298063,-0.006425651981481744,0.002041125115628949,0.0022144684206117796,-0.007103211342918983,0.0026424686958456327,-0.0022466941051999096,-0.005501668729379138,0.00529404987998962,0.00012433248927324312,-0.0036887661910139703,-0.0022935218959053765,0.003026649066608703,-0.0001279568942341457,-0.0034468593425548534,-0.0060312674627940556,0.003107729216447907,-0.0022718401126948146,-0.001507934059967885,-0.003398116701330605,-0.006921947604628778,-0.00456944748062671,-0.0013943131303575682,0.0043461908766148465,-0.002202205144991144,0.0033534305556674033,0.006290377419581998,-0.0034822062597506,-0.0010030769850778059,-0.004149526296162594,-0.003514615772493968,0.006286295351262878,-0.004936906993095561,0.004906934660871613,0.003373085971655526,-0.004053847939881152,0.004069065443272891,-0.0011985664379202071,-0.0027854181436159663,-0.013186857867392642,-0.010428929617119026,-0.0035010483815084295,0.006179690385641937,-0.008706755738851095,0.001669282324766485,0.003501372309711144,0.005441690121582993,-0.0066194886646460645,0.009166520863203234,-0.0021789619587551426,0.0002356620786876751,0.008275994283386311,0.0061277879141102545,-0.00016658910907910193,0.005068248792692389,0.013742705256098447
0.0,0.0,0.0,0.0,0.0,0.0,0.0,0.0,0.0,0.0,0.0,0.0,-0.004936949109599181,0.0005424103437342476,0.00042243803918496335,-0.006222863799027108,0.004341819376664885,-0.0022598519362804865,-0.0024236983803688317,0.0012516023238581685,-0.002771783755234029,-0.003224509572742828,0.0023089109354339984,0.0010540089303071086,0.007392668668211003,-0.00013473112587428004,0.0011082059778710946,0.0013555678198479701,0.006298275682369402,-0.004715527108129356,0.0020522885010400044,-0.0015755513581713438,0.0018659910294542045,0.0005200819961954455,0.008039980016876122,-0.004014813893033608,-0.006442443268784364,0.008324340762382624,0.006632554384672634,-0.003861648174323741,0.005528410113509833,-0.0026319630872491365,0.0016347720145455558,-0.006323786129020088,-0.004432813630530117,0.003342452136107851,0.008116573537708494,-0.0027984146952166286,0.007019766063206838,0.004260686495606929,-0.002954744367518722,0.004916507314248175,-0.006678790499249516,0.010609068428794725,0.002750933491159261,0.0020736065770570267,-0.0006601995382238664,0.003409668544592673,-0.010999133276787131,0.008794254163757252,-0.0006396744980249538,0.006948964515594263,-0.008455702240543981,-0.009753244550151035,0.0007391166200641864,-0.00016389505305744863,0.004986107765870683,0.006055668522913615,0.0025833407638615833,0.0002644963157754285,0.004293634994672117,0.011988193627874939
0.0,0.0,0.0,0.0,0.0,0.0,0.0,0.0,0.0,0.0,0.0,0.0,-0.0024022261417855845,-0.0052586934574024805,0.006991871011920476,0.004849586786003571,-0.005037435342702836,-0.004642978986810769,-0.008890961124157484,-0.00254302332687144,-0.006481638938682685,0.001240922050218314,0.0037188885394605037,0.010570717407483212,-0.005191187792712714,-0.0041104957309029385,-0.005073183094769397,0.001928078309712943,0.005735232254093263,0.0029789047683395783,0.007383685812754864,-0.011559557434717068,-0.007080229960779488,-0.003969651471799963,-0.0036450822876769825,-0.006133741037916752,0.005546966534946097,0.008554643084851056,-0.0026993453301676898,0.00869163887239077,-0.005651605556997164,0.0004695848452814928,-0.002109386033543899,-0.008158947234571712,0.011300807923802364,0.005317401596486756,0.011555640919279141,0.012028940591781721,-0.004433413797803668,-0.00534001173661101,9.538144244090225e-05,0.00337871274098318,0.004624315706756177,-0.0007947067141228194,0.004747999242180709,0.005198516197231884,-0.00023364836012832734,0.014067608485632228,0.0021290280051412926,-0.007272381382367989,0.004382024947056985,0.00934308936572584,0.0025260531277220204,-0.00023760356073104094,-0.005151906994832083,0.009545581193114897,0.000817472779492008,0.00046596217487576236,0.006338198158119538,-0.001429922717716243,-0.001953960865199973,-0.00037858440053799395
0.0,0.0,0.0,0.0,0.0,0.0,0.0,0.0,0.0,0.0,0.0,0.0,-0.00602738236032674,-0.0005206069266301039,0.0027773703253596758,0.011085963546762438,0.0026859150634044333,-0.00048644868898498067,-0.006401311361410952,-0.002830170460835512,0.006018043329737645,0.005792914558875356,-0.0021862842995066197,0.008778185649779124,0.00729738910702335,-0.0014688397440291918,-0.0021157087392616033,-0.010853990332153014,0.0074104516479237435,-0.00511302784488977,0.003980323622441672,-0.0006995120478544787,0.001285516711707697,-0.0030889861404672227,-0.0061913860488166895,0.010845971839658571,0.002890695172729568,-0.0047728567127281706,0.014016872492681133,0.0016049080955674148,-0.002087361644461755,-0.009912681567294785,-0.006420505268629744,0.0010880061922035743,-0.009110480539978767,0.0027683668135235593,-0.010023982460759938,-0.00048362677359023524,-0.0008670411696101835,0.009086219467036735,-0.003409743545168273,-0.00016971993700017873,0.015935732867582472,0.004359518153570678,-0.005763439181774205,0.0006106793990363519,-0.0037328319997474266,0.0025356163226162845,-0.005061455312697116,0.007212855198175729,0.010038885177757983,-0.007653001656753585,-0.0012242217821961557,0.0028053461745405324,0.0034231680512544606,0.010286666738932,-0.00027473159573913235,0.0007001311242636498,0.00634148920285806,-0.0009155857769376989,-0.0019858819433125827,-0.0006009785164238852
0.0,0.0,0.0,0.0,0.0,0.0,0.0,0.0,0.0,0.0,0.0,0.0,-0.0013109678639166248,-0.005239446163558035,0.00410915140124479,0.0003197664278427149,-0.004374311135480901,0.00046488549520666333,-0.001625497428322817,-0.0036348776516934955,-0.005204448846249408,0.0015695690394293574,0.00564338458270187,-0.0035349642786431713,0.0009078021492167516,0.0002944477874768219,0.0014860125846219696,-0.00017805657227308662,0.003072707882522276,0.009992678193377283,0.0013935932377481003,0.0040301248811559715,-0.00362419170044945,0.005860137945287796,0.006655037086725643,0.005329065239920194,-0.0016767056449944948,-0.00853002609919314,0.0019305503262010922,0.0007843525035053089,0.003782276573485576,0.003008310603727301,-0.004709639870374545,-0.0071148671402169635,-0.006596380811896287,0.008086296916439304,-0.005545022675027934,-0.0058379469297007575,-0.0016199349506304719,0.006316427394101692,-0.003605062178904171,-0.005707894774777667,-0.0013510399080978069,-0.0012167895283553614,-0.01275204712572863,-0.0015177988100581058,0.005782665047019948,0.004196815247363041,-0.007895873987991141,-0.009784034859221333,-0.0017739334990645476,0.0014843983088518385,0.0007859916394154043,0.0009755121621476166,-0.0001175638864058965,-0.009211001364522678,-0.00028560426027810437,-0.0015076282899457649,-0.010592881170559613,0.0013495094604648952,0.007969926120034122,0.000438190560022524
0.0,0.0,0.0,0.0,0.0,0.0,0.0,0.0,0.0,0.0,0.0,0.0,-0.005965057401665506,-0.0003804705115931034,0.0027565061531111216,0.008755784740735607,0.002399450294966635,-0.0009077460889574089,-0.005507078857479788,-0.0011171985767116357,0.003670587744310618,0.004342772922251172,-0.0036470744756806625,0.0037730612133859663,-0.00031452152333473596,-0.001770595335030202,-0.002406886936090832,-0.007704105722894391,6.653159126206031e-05,-0.004546035841014572,0.004436589081011804,0.0019155471466286655,-0.0014673323050366726,0.00017626188395641356,-0.005953021198930661,0.0020225774020306043,-0.00982424799093464,0.002964512033922208,0.00549068035676679,-0.004001901066609981,0.0037091872779761413,-0.00042157848759354386,0.004243561078304579,3.130036915239696e-05,0.001178802206102984,0.0012229805794914273,0.0006294099339325831,-0.00010635778143713474,-0.0029009995133605663,-0.012160565920553023,0.007132413043183164,0.0006235755358559108,-0.00705410996917771,-0.0069624004343715445,0.007249187044393549,-0.004272946732786981,0.005901227184599828,-0.004219759430243544,0.00686476422766758,-0.00048703037436746395,-0.006632655085629681,0.008591082663740859,0.0006270477085537117,-0.002854422222513007,-0.007246057791155776,-0.010942535970210025,0.001135127720806734,0.0010161735839409906,-0.010045888538101757,0.0013747620109902977,0.0073180116571160345,0.0006882189690374382
0.0,0.0,0.0,0.0,0.0,0.0,0.0,0.0,0.0,0.0,0.0,0.0,-0.00039493627109523966,-0.005229833198183646,0.00120019655801474,-0.002116161348304642,-0.0009668383974772641,0.004475400353001926,0.002779171169367852,-0.007296297298449757,0.0005281544022214062,0.0020672402695897044,0.001739252877481521,-0.003280322060191672,0.0036317539064392485,0.006688501979738174,0.00350666648451417,-0.00700598824384168,-0.0006259674591600058,0.001573954399583622,0.0015737212041246002,-0.0067337491122242315,0.003972885048984404,-0.00570273211714763,0.0010530365748051382,0.006538525302352954,-0.003278446094130625,0.004793025888410013,-0.0072758947051951555,-0.003963922273547313,-0.0037410314912126453,-0.006787717909601155,0.005113872542966977,0.0030032419545642417,0.008784021345862746,0.007057848162472591,-0.004192254732266325,0.0026709308516923336,-0.003554419398968662,-0.007837050343324731,0.00012632693108728207,0.002300464240278217,-0.00313700293572281,0.00878728075147074,-0.0009761059481588218,-0.006752542037415394,0.0074030326173219925,0.007312595079293523,0.004495000341527879,0.007240483938450241,-0.002126257503748924,-0.002000255140107202,-0.0025196770679623568,-0.003319852240125308,0.012446236396295272,-0.003064481834716194,-0.0019261870342112712,-0.0064414127703901715,0.0036237224804644727,-0.000968726805723454,-0.00945577513987321,0.00021790599680784718
0.0,0.0,0.0,0.0,0.0,0.0,0.0,0.0,0.0,0.0,0.0,0.0,-0.0059036618688880224,-0.0001878999834910708,0.002820629206718931,0.003440269522793995,0.002484991178606922,-0.0005923450486630005,-0.003887846194995278,7.484843354645277e-06,8.985938975943537e-05,0.002796221695976053,-0.004126910722928046,-0.00591229613277192,-0.006517149197999612,-0.0015511129751883135,-0.004447281629562537,-0.005700063132502037,-0.006264987263030196,0.002107709638879924,-0.0003261330193057777,0.0025612389361689557,-0.005363362426145295,0.00447077199205376,-0.007153883457949304,0.00025919971563795005,-0.00470567949126993,0.00042761418752824184,-0.003489968256626417,-0.006267019147585216,0.008729302786196484,0.004252063513618375,-9.238261789122473e-05,-0.0067238788177379815,-0.002488554889088967,-0.0006376970532045011,0.01008524882602383,0.001145936110987701,0.010385978145388063,0.009968878217838602,-0.0006434704455065687,0.00015506301516100642,-0.006787248750374948,0.0058734451155568424,8.865551698488453e-05,4.282846377758757e-05,-0.004703598174342066,0.002557333531118393,0.0015949455603199542,-0.008077705409095694,0.0024870277664761306,-0.00772497592880946,0.00024752068495999903,0.006383920551909439,0.009460184428602206,0.002658456459413478,-0.0034604873372166447,-0.007625059042548425,0.0049225153139052765,-0.0016726759563185209,-0.009287515829178458,0.00019137368341388847
0.0,0.0,0.0,0.0,0.0,0.0,0.0,0.0,0.0,0.0,0.0,0.0,0.0004583510886811882,-0.005164919578951457,-0.0017557239143819142,-0.0008268981242166522,0.0025719590398647746,0.0033668018266279002,0.0025425865971361555,-0.007146674292048878,0.0015315163402409026,-0.0019407364411213996,-0.004271151312542141,0.007021987639570519,-0.0025769215457205675,0.0019740945065257675,0.002389103888968685,0.0018495598815529341,-0.006948267917056297,8.261042589524166e-05,0.009272200418457189,-0.0009368243653109749,0.0017180019326188713,-0.0006970337206033965,0.00048649405624794626,-0.009573129449125844,-0.001151033613448001,-0.006576098192831952,0.0023171398067851814,-0.0012723992484073771,0.0072438966490110555,-0.001621289867287197,-0.0022187793719067174,-0.006190356026964432,0.001378313179136602,-0.0014574790071202332,-0.008679778343571894,0.006578453276853972,0.010835899748152238,0.007037289923770319,-0.0029458047503501264,0.005599825351396797,0.0002117893456747964,-0.007218785127423501,-0.001453892138703734,0.0028469563534402804,0.00021317765345474444,0.0031242032568023527,0.006472565111167481,-0.0012597721638158564,-0.01084335812598248,-0.005252905147709152,0.006737824446240355,-0.006270108493400552,0.0006968857322617977,0.002525520290733319,0.0016518413057699044,0.011824860097977367,0.004202962955075953,0.00210053420246931,0.006977965739603371,-0.0031728887750329337
0.0,0.0,0.0,0.0,0.0,0.0,0.0,0.0,0.0,0.0,0.0,0.0,-0.005909848612237624,-1.8070565564995385e-06,0.0029275343190181837,-0.0028100749565190754,0.003849111285154036,0.0007261912146736685,-0.0033927862701835314,-0.0010838506376719267,-0.000842287596340831,-0.0008522822353528698,-0.002932509015171115,-0.006849143960579617,-0.0036884937389800613,-0.0014898620083091932,-0.004575827191080562,-0.00518481570747748,-0.004703744925688492,0.004462619663964414,-0.005630246814131729,-0.005949067916287645,-0.0009488175875379236,0.0036273193017355614,-0.00931330671437824,0.0024503420970168346,0.0033604611605363805,-0.009244683029903207,-0.005742383216960104,-0.0036656497286016655,-0.008621894850026374,0.0019308386741006362,-0.00677737311920932,0.002300808379474505,0.004315291854419798,-0.0038924849879788163,0.0012209262601814116,-0.004433824313282666,-0.002362517694525653,-0.005715701343561397,-0.008993755475111583,0.0014757764214652896,0.0005401052603299322,0.002665205166053003,0.000978628210845894,-0.0028803832760945203,-0.0009696594834054759,0.0011018681981628893,-0.011234685865481627,0.007998957607734395,-0.0019408752430466515,0.005257799671647377,-0.0016503864013056447,-0.011730745037191804,-0.0015419974147914295,0.0009512960054630313,0.005892252192646907,0.010804792664890329,0.0016114010458330506,0.0034550006452166034,0.007394430026400344,-0.0039871953102939605
0.0,0.0,0.0,0.0,0.0,0.0,0.0,0.0,0.0,0.0,0.0,0.0,0.0013709786794482229,-0.0049978052891525996,-0.00458042295688283,0.0029197106274541514,0.0033627880419522223,-0.0021980311905211406,0.0018097440474581724,-0.0019008158586222438,-0.0050179968089412936,-0.0015026529740069187,-0.006299427514205187,0.000996853234619798,0.0002195078012285214,-0.003223335389870018,-0.00222789808464815,0.0025016736951154334,-0.0017965049031423324,0.006256325767355048,0.003677471276574496,0.006112505274987728,0.005985991054172977,0.001440310614943518,-0.004221585794500463,0.006833251510260688,0.008403949041307006,0.004661521303859409,0.0004857840672922857,7.548484916025295e-05,0.0030075449828793465,0.0034290172051317813,-0.004104581875888158,0.010700185580048316,0.003589111211493305,0.008452313595438254,0.0015690654276786556,-0.0015849714292016546,0.004064410740971467,-0.006634188365248567,-0.0018645578197465944,-0.008857207539898987,-0.0008945230940775399,-0.001404285627787894,0.009763397974420152,-0.0003268804741508544,0.0020790805921658004,0.006667496733702564,-0.010980056273785945,0.002474237850004467,-0.006900502326484034,-0.009678683298532786,-0.005550605727434605,0.006441270922826242,-0.00813500125796586,0.0033752610019806323,-0.002796888436805278,-0.0033321958411196176,-0.003462791482326978,-0.0051217958444831025,-0.0016892645196249993,0.012025693184078243
0.0,0.0,0.0,0.0,0.0,0.0,0.0,0.0,0.0,0.0,0.0,0.0,-0.005972172117368595,0.00013274950418994136,0.003053661772698665,-0.007338025336822677,0.00581525720032296,0.001967899855017346,-0.005009673784612467,-0.002799275955155935,0.0001900535903345808,-0.007617007920696821,-0.001252127308891315,0.0003599414507214829,0.0006703579439461544,-0.006848669869662121,0.003068248017251963,-0.002671822715374848,0.00032091665999208,0.004888395252563529,-0.0030933238937508522,0.0002653499328772931,0.0033168496674748837,-0.003968031042856171,-0.0058192953612055355,0.00022395935130069562,-0.002034405434321845,-0.005989537234766916,-0.0022115139137504707,0.0037762808801566905,-0.005074482490264534,0.00605159385980491,0.002327350858200208,-0.001175378960451625,0.005240091126962222,-0.0037850254852048472,-0.006548096881132677,-0.002523258302533351,-0.00101464133235402,0.0008312297102083631,0.005130195641393869,0.004979323612789001,0.0031717766092742667,-0.004702529503028388,-0.00667465814117396,0.012616671477651003,0.008991082185236966,-0.003531550682936616,0.010189416783414616,0.00038978806244803157,0.004024364861662285,-0.0014928690415028343,0.007224112809034191,0.008997788357286918,-0.001869564974733157,-0.0007238373050446977,-0.009756274323733041,-0.003742184872897851,-0.002062668354143204,-0.007153418958381005,-0.0027197666464874592,0.013797106583135635
0.0,0.0,0.0,0.0,0.0,0.0,0.0,0.0,0.0,0.0,0.0,0.0,0.002398980416968537,-0.004649639012838797,-0.007043092312721889,0.005999758070426977,0.0013163424754508218,-0.007372414898977625,0.003792702467786567,0.002972612043960761,-0.009773034475513764,0.005156718979743945,-0.0038804037586593967,-0.0070260061389290146,0.008128017414876506,0.003657533759823882,-0.00990279983610636,-0.0003221118631015874,0.004223240015508307,-0.0016211404087638232,-0.001350209207893284,-0.013239617240598084,0.009514882429021257,0.005678355433590109,0.0007231680767359916,-0.005486792506316601,-0.00876182501081855,-0.0023615796467922807,0.007966438920184577,-0.0043726863243389955,-0.007834758832846242,0.00884114504403581,0.002211780833839545,-0.010248520777836482,0.00812860765540079,-0.0028183044511743043,-0.004067513055329272,-0.009998682467328093,0.008403923028952237,0.008030003297199143,0.01020773176602747,0.011364125341735786,0.0006468688153913457,0.004094199492232132,-0.0076377157538716454,0.023433403034019112,0.010617325381959437,0.0013740535560661509,0.006178996902370173,0.008738002904334203,-0.0004251679049989199,0.003471443764181784,-0.012848607544756125,0.003802849179148811,-0.007576990352958735,0.00038368815695033297,0.009986461273735122,-0.011304507993626846,-0.005186311889537461,0.009306340630937973,-0.005153988996253471,-0.032864413550739636
0.0,0.0,0.0,0.0,0.0,0.0,0.0,0.0,0.0,0.0,0.0,0.0,-0.006003234660781704,0.00019055361547193174,0.0031821518628390236,-0.008717146210633039,0.006527154594722199,0.0025603964994942337,-0.006215913605249758,-0.0036801597492414173,0.001242315469518826,-0.011052806524771013,-0.000604090224526425,0.0038002977400051316,0.0008521801647339165,-0.011301554989827744,0.008752603735995311,-0.0021469590107503905,0.0015017524306370762,0.007274695399551467,-0.0018362847993764568,0.01008770632526524,0.002852893565468258,-0.01132680981690054,-0.006520710773667637,0.0037361656962269646,-0.0012905964232332893,-0.0006541061427771605,-0.006524607768264713,0.012700680732707994,0.005243929938728205,0.007055274060796861,0.009694269411329315,0.006903678136048753,-0.000759144352287776,0.0029278561324090975,-0.004007738570193581,0.011959159459575132,-0.003559231394004806,0.005296670991594038,0.007868008402299821,-0.018536132189106953,0.007561622348708667,-0.0007548707245927707,0.004764766379754569,-0.01824648673086425,-0.015264290227633022,0.004027150226661233,0.0007700169479144222,-0.008110668089638805,-0.00824291595931526,-0.0027682158160331045,-0.012856455195434621,-0.002742612754599023,-0.0016586191244100758,0.0012789060104301932,0.014677734663669447,-0.006090402598342015,-0.0017689791595669848,0.011951763537597101,-0.0023765755801323065,-0.032884128349701613
