Eigenvalue,DOF 1 ,DOF 2 ,DOF 3 ,DOF 4 ,DOF 5 ,DOF 6 ,DOF 7 ,DOF 8 ,DOF 9 ,DOF 10 ,DOF 11 ,DOF 12 ,DOF 13 ,DOF 14 ,DOF 15 ,DOF 16 ,DOF 17 ,DOF 18 ,DOF 19 ,DOF 20 ,DOF 21 ,DOF 22 ,DOF 23 ,DOF 24 ,DOF 25 ,DOF 26 ,DOF 27 ,DOF 28 ,DOF 29 ,DOF 30 ,DOF 31 ,DOF 32 ,DOF 33 ,DOF 34 ,DOF 35 ,DOF 36 ,DOF 37 ,DOF 38 ,DOF 39 ,DOF 40 ,DOF 41 ,DOF 42 ,DOF 43 ,DOF 44 ,DOF 45 ,DOF 46 ,DOF 47 ,DOF 48 ,DOF 49 ,DOF 50 ,DOF 51 ,DOF 52 ,DOF 53 ,DOF 54 ,DOF 55 ,DOF 56 ,DOF 57 ,DOF 58 ,DOF 59 ,DOF 60 
145.12435136830072,-0.002161528943695422,-0.0032113714444428594,0.0013764097930919475,0.0006572973485635614,-0.00424153067829358,-0.0016020480060652184,0.004705451532054519,0.007724247175254446,0.004489563627068717,-0.012943315794517478,-0.004688707261242913,0.003660432143479532,0.0033054259262908147,0.0034027725128526263,0.016382233236735003,-0.010224107385755526,-0.01006605063598634,0.012588494676612718,0.002537323624218447,-0.00025966292020079037,0.007115842041143944,0.02209735335440179,-0.021086515609773485,0.008861808646239944,0.004305825887805026,0.013332921537904363,0.005378663880286028,-0.005736359954725859,-0.019219951939489142,-0.018234039425500507,0.022766125191777592,0.010582999863481298,0.006757097302461219,-0.013244279553455335,-0.0012888937954777825,-0.018368206645895592,0.0019120229628739993,0.0064096175784183465,0.03216351938251477,-0.009401197183330105,-0.009212548336365877,-0.0016947897909656189,-0.01038440549199634,0.008366254867915783,0.008817689490897503,-0.009695932310232996,0.011399758772324952,-0.0007137007658849324,-0.022268113415829845,0.0003186283859283556,-0.024115916300417598,0.005604883125594067,-0.00242050015690185,0.022602829656900403,-0.011023592075345229,0.011712110020869427,-0.006599524003889396,0.01867799902666589,-0.004554041895133448,0.001716320070542893
327.9032114308225,-0.0021621626538309946,-0.001678904351398644,-0.004394572505216967,-0.003471340117667192,-0.00726144149550893,0.006542587874439619,-0.009997509878918504,0.010228131200632137,-0.004313860224460331,0.00935247445266185,-0.014760149615537262,0.003241437939210941,0.018816014670810583,-0.0030341310729543186,-0.02121688370902113,-0.00013978385775005595,0.002255643591743991,0.008172929451965301,0.01284878392512868,-0.006574711641038957,0.024778574083548093,-0.013921554834584116,0.020418551150285454,-0.0008307387778549767,0.009973018937919456,0.01669757086095011,0.008121016506680376,0.02033256530304798,0.028683993906100755,-0.0008254872596689502,0.005714567560638359,-0.0008713194960074495,0.004222320308961891,0.018070475665354885,-0.011482610747321586,0.03110945609083708,0.005992381207957942,0.0029027126668848507,0.00022593746439020904,-0.015436128876174132,-0.021030582126671794,0.003931701232273105,0.015662916595254844,-0.004528174450201711,0.0020446654556265102,-0.0006969885790136392,0.0038773164187737522,0.0051953919041979645,-0.018972350274181753,-0.0010453411766569332,-0.012287824558027701,0.0026614644358359456,0.0010237578275613343,0.01707535232744897,-0.007125226665738659,0.00460591805633528,-0.0037490441721047276,0.012140858007864342,-0.0016660909392296262,0.001053488218006965
391.10078281289327,-0.0007905704511831722,-0.003070492163024555,0.0016970417326032238,-0.0014816608681249431,-0.0021604946730502295,-0.0031228143802438393,0.005002433917178534,0.0064100788761251954,0.007271114886615147,-0.0054312671657973715,-0.005882453025214229,-0.002444061660907869,0.0007367371196790668,0.0023627196295660105,0.002270689591862579,-0.006305640398801359,0.0076899540783122245,0.010290601553116334,-0.00744064204723864,0.010264686545864142,0.010788415088054363,0.0015773654432103038,0.004307998242986903,-0.010245270639488251,0.006975977831455278,-0.0149620134154837,0.015120760963340273,0.0021161330152301653,0.008988688558770231,-0.0008266093201569385,0.00013671130511573606,0.014509716227051259,-0.0013665233428193707,0.005261395096792207,-0.004297921130492908,0.01214245778752767,0.014455818041764093,-0.017231405928063017,-0.005803393764036482,-0.0011263906910390514,0.0099050830315536,0.004449439072326532,0.0034722808184734183,0.014642379232535937,-0.0024995928626612464,-0.010374397716396169,0.011635415591379069,0.0028353203106870404,0.015438772626788385,0.015237286728207964,0.0008066384485555716,0.007710234789303439,-0.012062381881280136,-0.02087157959207211,0.00904148181923873,0.0033417188839512217,0.005902908616664267,-0.014551199337912992,-0.0023915930631245572,-0.0013475090336205874
655.3636787971722,-0.0018333166525574568,-0.0007162569904140906,-0.005687133743558021,-0.0036609539659795127,-0.0065692964163311185,0.0063825593357987485,-0.011885432453466125,0.006464532511825695,-0.0034404003329810994,0.009170414064167213,-0.011391397048944431,0.0022456946663597286,0.013923726619890792,-0.006618518071622051,-0.009295989789219047,0.00226727037754992,0.00300029004703863,0.007970628125076483,0.006557590375742476,-0.009731890067930203,0.004475924135371515,0.005711947956579672,0.006139645346701578,0.0036623890745749142,0.010688105892697284,0.010316036935378308,-0.006482283288690024,-0.009432267464047612,-0.008949312781231861,-0.005605157756475905,-0.0047559950258306396,0.008725177567146889,0.011326428527758415,-0.013473410773281945,0.006333861364442971,-0.02151658101558537,-0.014782832047069643,0.008251102774091768,0.0021873008736017913,-0.00532714214160372,0.020502531770703627,-0.002584267215301206,-0.015416598028068823,-0.001471784923260913,-0.006638674597868451,-0.004784699876675282,-0.006459569033504439,-0.006824307093649258,0.018382500575803224,0.0014895453640486377,0.0034523576484300554,-0.00022970172056493074,-0.003041789328407469,-0.015207476183898177,0.0057076989799652875,0.0014576067974269118,0.0018782575278933774,-0.009612408919365892,-0.001054829027682484,-0.0007761112127255324
674.7645659946853,-1.0460105238812522e-05,-0.003019590294882386,8.944722617915287e-05,-0.0031364763644410125,0.0007378414154532152,-0.001873394640690061,0.001471749944351762,0.005157741183919848,0.008289572892563884,0.007122022002659763,-0.0012547833967378175,-0.0010661075082604395,-0.005205198486523408,0.007446652422260836,-0.0043847969022436685,0.008376780420778548,0.011202437478686308,0.009313981670200411,0.0073351745229844525,0.011638178850838954,0.0018592263705052676,-0.0015388127823022962,-0.003636763325863044,-0.002265812337641376,-0.004727421137438935,0.002109708384130379,-0.023695306850451583,-0.004822543664486066,0.007518095877850516,-0.004185757717048197,0.010941631123797575,0.014706765312059524,-0.0035308229691940036,0.007573077403250091,0.013247573939552403,-0.011916733466217196,-0.0008242803505203568,0.0056261583458470515,-0.0038028360621736442,0.0031285720148630275,0.005043748393189196,0.014493623684794099,-0.006026259370539683,-0.017008546485559568,0.006829633965054725,-0.0010708820666343005,0.001800935727625807,0.013822504133334518,-0.01125604891196117,0.008691868830475796,0.018545148156167857,0.006941734912300162,0.005056587213907402,0.014862387598499897,0.0014834301209481573,-0.014141850232743756,0.004405254917406855,0.010285460396441402,0.006053074602078876,0.0010646276620728653
742.428996073166,-0.0017772278998028773,5.980470326027367e-05,-0.006115406608359932,-0.0024091664241816836,-0.006126344735738144,0.0014983412917303437,-0.011849144624254394,-0.0011566121575239572,0.0028739082666203297,-0.00021320732151532202,-0.00551390584070639,-0.002266962637450089,0.009263524880099423,-0.013661605570599925,0.011282566187672535,0.005860270474228331,0.004683038458763923,0.007761952596507772,-0.0067648803939758025,-0.00978910607498044,-0.012544982737954607,0.01846488208602457,0.009889051285486972,0.0015206938822525157,0.01000453793321652,-0.00917721201601432,0.0010591045394979272,-0.020954598088716907,0.00040142584709915765,0.001056613935538635,-0.009710505412687531,-0.006387091913988922,-0.0008965480759364093,0.003031591248148524,-0.01441958468428914,0.0003292851465019107,0.015157062571154152,-0.013360685187250879,-0.011430853042890458,0.014810665360114293,-0.014166211908431989,0.0023238552913445168,0.00042179348561979254,0.007769637039207152,0.0074068520531523395,0.006925980883731209,0.006778407144715959,0.002843950999056698,-0.01382875518418382,-0.001040134321139417,0.010049929144551712,0.00018702425256217947,9.959122528114147e-06,0.010474537255290918,-0.0037222694460734094,-0.008206267016370476,0.002911588529364521,0.007312118793535398,0.003314790136279713,0.0005733945966697417
950.3826190205864,0.0007462166325236217,-0.00301603452709149,-0.001690453220769564,-0.0013721971581517893,0.0030063972272320783,-0.0016238351575313039,-0.004482867475256158,0.006333840650537327,0.005517287003901971,0.004010156379752397,0.00827068654666767,0.0014184526494315118,-0.0009133318961506752,0.00025310309660420615,-0.0022763648302879603,0.00552305645305029,-0.010130135553769359,0.014879919369691947,-0.0003173523806239231,0.0011893247522150442,-0.009279591658943315,-0.008164871153187103,-0.005162798588923158,0.01412706914944615,0.0147261705107205,-0.0027230354599773058,0.0004923424614378303,-0.0034335363174804114,0.003424375225378798,0.013957317474985496,0.002009058596072954,0.007050121360209977,-0.014460203993476353,-0.01758091190984307,-0.0097403236066732,0.009995546643854474,-0.00010096185550659731,-0.0015800742186829733,-0.007014384336130371,0.00011090929812331315,-0.006768737945978477,-0.017315308388492323,-0.004887836019773511,-0.0057403783536664876,0.020065592048785923,-0.005586167932079728,0.003111433059809058,0.006979817407490322,0.011596906132892524,-0.005688882608947894,-0.011059137072013753,0.0015166993741236518,0.01935113302782414,-0.0035975529665200736,0.00973903087850829,0.011886367554242187,-0.015614651684035426,-0.007359760860683505,-0.005390933376652973,6.588688148250498e-05
1019.8154418652119,-0.00183561337547867,0.0008170168145434873,-0.00568325616065662,-0.0014246790025142335,-0.007224573484169072,-0.004534473031377925,-0.010318368452445865,-0.008887525291051432,0.009288747762866758,-0.006328838340772609,-0.00359118098436301,-0.011970458450677476,0.008280554324941323,-0.004902402923315991,0.00946587506316228,0.014361835532366704,-0.0003433738301768887,-0.004869413165907966,-0.004339922729758479,0.011073429269144792,0.002953097500906356,0.006898435134876686,0.012290881943588112,0.00997082575321542,-0.014467793022841312,-0.0057325766403795,-0.00022109009713553314,0.002608888301603389,0.007297564878756424,-0.012474425080538037,0.010382298354886023,-0.007940392258139278,-0.010742645242691782,0.012484799861488666,0.005453823492153968,-0.007773515440627688,-0.007374943843683367,0.0007849461285523127,0.017920455371550577,-0.005104437236821015,0.012204252910060574,0.003410578635894147,0.019553484829055886,-0.01225676547591367,0.003293003478042734,0.003508412184288848,-0.005755994212159193,0.005936832805144367,0.011982069412859155,0.0029048339142826616,-0.01390313801512455,-0.0019983971566236497,0.01047337706273945,-0.00481386380694583,0.006519016682745705,0.00956119141932791,-0.008464500372690257,-0.00507388174020113,-0.003493761033036337,-2.6911326209336257e-05
1077.650012446152,0.002317243990705033,-0.0034956209400074994,-0.001897090862150254,0.0018167394809471978,0.004293469231692176,-0.00026648192962758574,-0.008689650333851063,0.00900301131476697,0.002632286257032818,-0.00385743491318654,0.012669607209790587,-0.007233265802663683,0.004883072076399694,-0.01153608885817703,-0.003022048603662108,-0.008847750087470671,-0.011462519217859412,0.006526682271666248,0.0035111349019937613,0.01952482494377878,-0.015280694998403734,-0.0013211892831527302,0.016398844550293442,-0.01165726525363026,-0.005671059257968108,0.015841809146784895,0.011731535539057689,0.00047334501753340215,-0.013362157015355118,-0.009142150581225866,-0.0017949858704351524,0.008519684147075017,-0.02699850347815355,0.024603557901388375,-0.0062544500412469485,-0.010705809673860056,-0.01941052462463501,0.011307038753018863,3.994455390064847e-06,0.003095011103848318,-0.0002936190897901696,0.006775700775366651,0.008432020685135854,0.00985790573076801,-0.019790581264221445,-0.021272043184964985,0.007518682146958723,0.011008898681550165,0.00023929969209586792,-0.032480120624496636,0.01060841770761506,0.011317943430183315,-0.01998239962828048,-0.005151328837888017,-0.027614304697930726,-0.01098297808449583,0.0134453740831654,0.003067332224947843,0.0013044894441688252,-0.0017924760363946697
1161.6082049505596,-0.0023914723021964163,0.0019466685826410117,-0.004981663310762723,-0.0018375420148653778,-0.009266294946746238,-0.0075304315130037295,-0.007477755105644608,-0.014352148666061704,0.012422579124383793,-0.004660968227424492,-0.005643640073482682,-0.0158393679187783,0.006878958164541057,0.010237812048140053,0.0031219937066774353,0.022517354977262812,-0.009296200426396267,-0.010747561465076102,0.00494336282604522,0.015898277893014946,0.015234248768812098,0.001421143528313837,-0.0026196537221901983,0.029086907987268224,-0.001701572639121376,-0.004361566234677938,-0.001953981141543077,0.01771944643780637,-0.007234296445582037,0.0005013560507769522,-0.0189694192862002,0.016605956438348925,0.00033419479214860567,-0.030511136578279533,0.0088020860558469,0.02685097505336764,0.006485761439288545,0.007924708749148428,-0.013897370745901258,0.004821404660405956,-0.012148247954980613,-0.0032134237746508205,-0.0279719953653923,0.009799261962548093,-0.015458614893303175,-0.012866576318969281,0.0007255641956494733,-0.009917966472316067,-0.013842554153557753,-0.006096119549906302,0.014047047588977058,0.0020946474450358127,-0.014999483611476842,0.0017608725654043422,-0.01054039986407516,-0.00790185144195079,0.009205633710903624,0.002719432627884634,0.0020316718333199405,-0.0006051465419020091
1176.3771565949203,-0.0037935892431256203,-0.006195024807184402,0.00488573790233116,0.0027932637506496555,-0.006048170588643053,-0.0051693971285049715,0.010159054217139939,0.01093201375080407,0.007546066623392314,-0.022340430489491147,-0.005069024564290234,0.0062606509770445845,0.0056643273371453536,0.0030759694521084948,0.01962533346074386,-0.010167824385161403,-0.013998749765948571,0.012000906945741257,0.008544684173805562,-0.007213309932210446,0.007259486728803734,0.013859094745801978,-0.011391820601069406,0.010335570084855241,0.002535531891668068,0.021251887544149983,-0.004727883150395106,0.004954192608661229,0.0020641637714369867,-0.003004380227083475,0.0035490514116377765,-0.01003449670543567,0.0035535504755476004,0.006408082649594341,-0.00208547517923119,0.011918224469540608,-0.009705898899791893,0.01312510696147009,-0.014072619675135834,-0.0025562582097938854,-0.013420936734423761,-0.0004961573102280388,0.013114049473804006,-0.022839501100278867,-0.004512637952371084,0.018514317159847724,-0.02202674599122379,0.0009589091792709544,0.0021912736857804477,-0.016487251289317117,0.027899041360645537,-0.017028039912752178,0.018578315142604527,-0.010843882937141452,0.008003507200182149,-0.02698382083010553,0.006570387492064435,-0.021709361952108056,0.014229111050523525,-0.0026648237443217125
1365.83293976924,-0.004625456259966811,-0.0022271987866308214,-0.007707352604283502,-0.00347856720616319,-0.011019043233934555,0.013218215679156724,-0.00941420393809715,0.012557874754810579,-0.011325590480046185,0.007011240720820312,-0.009864647765108508,0.005253013848937565,0.0035402160925824717,0.009821318267370647,-0.011362650666325282,-0.004949208431068196,-0.013797483014193685,-0.010778060697900108,0.0036550748442354454,0.011193234686139347,0.0045638336968822375,-0.011187738655051911,-0.019284474307000872,0.0017172597167731305,-0.027813606321384556,-0.014186870682452182,0.007527655096835907,0.007389625969744957,-0.011939896268120724,0.0030107642621039566,0.019700163110845784,-0.018590224602183653,-0.025457479352825534,-0.0011102121042668657,0.0013170992915001736,-0.01260492067201115,0.02025892866880776,-0.01307781042288545,0.01715630102563654,0.03477908682384073,-0.014589379695933338,-0.004421604712352342,-0.005580216133528051,0.01445808564430456,0.016557786202600063,0.008559489914484332,0.008962250291575205,0.0003385594173569535,-0.006729699477729197,-0.0032645039226094933,0.013264750735452545,-0.005961406946211658,0.0035839964365016563,-0.009191512157977075,0.004878422103415073,-0.01339912708462722,0.006031268553472667,-0.015052070219538131,0.0066858968956363014,-0.0018601903901480058
1505.2961459481937,-0.0014852739129114065,-0.006148403430405901,0.0036744310285068203,-0.0030558390275451926,-0.00405710698252611,-0.004300734919220465,0.007455584017444433,0.010906195261584555,0.008441459029762224,-0.004140885134187618,-0.010189053756140038,-0.004178196637429302,0.0024103823808203227,0.002510848960573477,-0.007131773696851288,-0.0062071002370833305,0.008941919320226272,0.003333299640934242,-0.009495737032729195,0.009040293216008907,0.008513260976527312,-0.008701102973132483,0.010149505484799912,-0.008461383731493724,-0.0001731850890193481,-0.016042031722425503,0.01156545847720114,0.00035847385979409274,-0.001109651172932075,0.006509347977743658,-0.009924718189657504,-0.006392226666773562,-0.0031841037936812012,-0.007393053274705465,0.0001731093880307054,-0.010116321988254703,-0.004824636716303701,-0.001991240122237993,0.0020714865428006625,0.00958751025812217,0.008160768870497265,-0.01077123331807354,-0.01046450067784406,0.0036129634620401534,-0.002917580092063133,0.006515494004339712,-0.011422752854506663,-0.014057993842477119,0.005104026066224951,-0.017566646335182005,-0.006961051276067474,-0.013368176449142607,0.010139133360426534,0.015085994801266985,-0.01322641524163547,0.0075521967459293874,-0.014778296443521875,0.023286712978010545,-0.0027638717805985717,0.003106049091327774
1536.8004757612575,-0.004312006803676738,-0.0010285895990489256,-0.009190766577814263,-0.003693711529545874,-0.009797244488566266,0.010986012756883478,-0.007980892884811594,0.007733002026438543,-0.006642890829905518,0.001670365549371509,-0.005878332860406443,0.004398450284703499,-0.00410555845768549,0.00250747153167931,0.006933475847678315,-0.008398265917248146,-0.0037220811135642248,-0.0018080306879528073,-0.003974760048340635,0.0038023814327693313,-0.007678603713372155,0.004462785537071072,-0.020337106729173528,-0.004145913302747736,-0.005471807208555388,-0.0069559164624503475,-0.0013218223646007912,0.007156832484172954,-0.012669250696949484,0.005042616836742773,-0.00805948482239893,0.010365994855820165,-0.00044259656097349803,-0.00030630815638927196,0.014578985412523197,0.021214970937150555,-0.008075718679072126,-0.0010540209252671326,-0.015617710757488386,-0.012845387933581002,0.012002675315025392,0.0020802924678834317,0.026520791042166578,-0.006923952265989118,-0.012162741030154488,-0.0012232935127619985,-0.0021030333265291802,0.009508279957592023,0.0052701888226425846,0.004881139461044561,-0.008810826017874984,0.001884238845262288,0.0030121325163678615,0.011611933530339505,-0.004128268155675304,0.005267891239899762,-0.006271133324741264,0.014970011023705885,-0.0016636394533625564,0.0018772785002200123
1570.076577723537,-6.003525912979115e-06,-0.006086257473362122,5.967478330128178e-05,-0.006229850148135427,0.0016612575326416996,-0.0006057449019288311,0.0018972041192032,0.00875733665691442,0.010247773082086813,0.014129717927679055,-0.0018557136650265964,0.00020086160890892503,-0.007920465522478026,0.009164541616042,-0.002030598023483223,0.010985189020022249,0.011206807090359367,0.005439453607040792,0.00933627879899238,0.0049058259323471794,-0.0054557782798018125,0.0091048280141721,-0.0071490811757925835,-6.700693028560606e-05,-0.0062526033549985425,0.005621669109237608,-0.016099853014105363,-0.008062465111434875,-0.005150901716417493,-0.005727379441791181,-0.003169406212728383,-0.005993053912304675,0.006252677224325306,0.007398555844330098,-0.0010490532244632387,0.0036461942481662937,0.0020717400875027913,-0.0011548226580255442,-0.002866939440368525,-0.0001849284138758856,-0.012265273272642993,0.0016703433621131731,0.015801831509898303,0.011358868399105812,-0.011180134718613746,0.009416325000666947,-0.0007298306593346035,-0.011202230670550917,-0.008181127028506582,-0.008070831495364908,-0.015037083503530294,-0.010275981269618895,-0.018104834548119654,-0.015195853094790624,-0.009706579934627353,0.0140654522706838,0.004494248927875135,-0.019246030816193582,-0.007822737584193027,-0.003676506402470753
1649.738218372386,-0.004241826819142267,0.00014092440082271566,-0.009527431748412623,-0.003027698628441014,-0.008961127927803732,0.0009990565690951086,-0.006783998557942005,-0.0018348646020762158,0.0035483710059446456,-0.005713451598879079,-0.002998328035812001,0.0029085565081312065,-0.007418813726956507,-0.010011787121027339,0.012009847667419934,-0.007991593336964187,0.01432310116530588,0.0035388865680354795,-0.007258811508700925,-0.00518540201491029,-0.010026445941293352,-0.010264541646516422,-0.0045108872341510465,-0.01988453168779326,-0.002524262763691343,-0.00035578897938280636,-0.00388179358651864,0.012221779706995615,0.009882707530053212,0.01459673034341318,0.008656095707290076,0.0014710704081528807,0.0001585403151711812,0.0017738989817129252,0.007442047772804726,0.004149542753389713,0.0018133198074884946,0.017278890742082453,0.009069803295659127,-0.001961894384959432,-0.011530361181573636,0.0007172668493984842,-0.030477590889175468,-0.008185137642342528,-0.003032308981291989,-0.01082025622878786,-0.0062029666560873215,-0.009327017374002674,-0.008281825389570167,-0.005641012161324164,-0.000686384431115001,0.0006891434058481211,-0.005114531190754998,-0.008934527637266453,-0.00018142742239480634,0.006091594202654305,0.000858347126639804,-0.013452067979451482,-0.003938278246018317,-0.002019068530561384
1727.6033213112278,0.0015001609211813996,-0.006100832848097594,-0.0036840700454006093,-0.002226012903113496,0.005955922635079448,-0.0013469781901383412,-0.008043867856188042,0.010133574909377354,0.006644414840473778,0.0034919988950925956,0.0127781760177072,0.004168343212246667,-0.0007847643682956868,-0.0038494476395119835,0.0028744385259028083,0.004792922388610144,-0.010767511959823424,0.01268173897511467,-0.00772035283735675,-0.006037618944747526,-0.005795498050459147,-0.00849199565530102,-0.0026853455807177955,0.010616219992910347,0.005704881870887824,-0.010815671237180233,0.007581897792576478,0.007044037189540389,0.009721653656808545,0.006673472532732579,0.004355185697024234,-0.009396839714905646,0.004093618215182233,-0.005789505821877539,0.0042829231790587445,0.001764040244972074,0.004194162980584706,-0.0011513370656244192,0.018485318503127002,-0.00557820612977341,0.010739736912576592,0.004137201893440922,-0.0002362987686192672,-0.005327691705461703,-0.005688991503350746,0.011375534941120438,-0.012329992334724784,-0.014057484953827979,-0.0005320392059886484,0.024128640768117667,0.0004148176726603874,-0.008634274365016906,-0.013042965639965614,0.005228404574597605,0.004165850116481683,-0.012426746149298869,0.019755566469513302,0.01640329125206034,0.01178591018969271,0.002342635216557921
1751.3534056662602,-0.004404704885055521,0.001341002040481584,-0.008980296677589955,-0.003270110457276575,-0.010257892560228452,-0.009854895514744434,-0.0052554047142405825,-0.010441359577222765,0.010932236657178487,-0.003105200780075367,-0.0008345849469005727,-0.0030374406497057117,-0.0053429487142358295,0.005521806531487199,-0.004249980612348593,-0.0007836618647580238,0.0015986678567057727,-0.001175099742080632,0.002077080064237988,-0.0027165568466230045,0.0009062346202304528,-0.013476518905538136,-0.011007286377926704,-0.014788846736771145,0.002000106219930522,0.014404150667564153,-0.0007459340399494698,-0.008780107560338445,-0.0010181391106837653,0.007420762093131685,0.016834097948972906,-0.0073400652286623215,0.011186530326014455,0.0011575971928729973,-0.013069898662285225,-0.01026518488612219,-0.010001308648000818,-0.010211308751924348,-0.015898390692715883,-0.01200080186169135,0.004185022194110163,-0.019986843940009155,0.012464961056704221,0.013619773479076102,0.014920636874652239,0.007689100073878904,0.011547772823226459,-0.0024618809544552553,0.010187106857016522,-4.8717914853283754e-05,0.0013836826664807378,0.0005177262413889459,-0.0058164135371358535,0.0037856577304724902,-0.0020416168187237837,-0.010529039100022728,0.009861343860275068,0.011328969466438644,0.006769040612526974,0.001264315478179225
1846.7425878813679,0.003934295389064385,-0.00633760140990103,-0.00568353004626669,0.0037750361631790456,0.004834227179507399,-0.002594655793675986,-0.015036858879715675,0.009502909934154513,0.00527081996845205,-0.0104513746316003,0.015799050642794948,-0.015153815530107927,0.005477998554508952,-0.011384972185234052,-0.006061187214155095,-0.012797694127379574,-0.00509764035612431,-0.006895957498163535,0.009327191001748173,0.023483371385292676,-0.0024945723909375653,0.0009604370018873932,0.010406962675520081,-0.017394328611244535,-0.0145795187833054,0.019558682229581823,-0.0020360402564096325,0.0010141620924314636,-0.014624417833162848,-0.011312301987934629,-0.004374061615665059,0.005113979922618783,0.013835644379832538,-0.0003448893527595449,0.0037714584212452345,0.00284678091995073,0.002735487901530838,-0.0028955052932748845,-0.022903493731968223,-0.0006070266144302219,-0.006905605613985049,-0.003668491704100412,-0.01121952308181553,0.012772916869575168,0.0015403781731496622,0.012548434049819986,0.004728051235496383,-0.013946681057349081,-0.014948537646565955,0.024196097785007493,0.003865405390709439,-0.01176496211692417,0.018094823977978677,0.01113744837287033,0.03423628654987901,0.015634072669655132,-0.02802603489368061,-0.012616227329448466,-0.007587009454065514,0.0022493646694069966
1928.9769790717592,-0.004920064876630889,0.0025566979641129,-0.007753812289802813,-0.0045258508068387205,-0.011377388538399097,-0.014034310144625509,-0.0027715364832745066,-0.012742985866449579,0.012848943583776692,0.004568553155522933,0.002201343613919752,-0.003004626201984841,-0.0018389024843978926,0.019558355746216952,-0.009929242299680391,-0.00024261010315310147,-0.021289859862977375,0.004812323731300593,0.006900693780050739,-0.010241748696050835,-0.0032309824046430646,-0.006939292489940831,-0.011453819816985518,-0.012004733434420356,0.02690423395565239,-0.000833762386477256,0.015119944619692103,0.002565391860910907,-0.01178314311091472,0.014349355921438892,-0.02490707449952504,0.004973289454046652,0.0029382866404860366,0.02397459232597447,-0.005057550282402074,-0.01781749115906606,0.009694035024671569,0.005728877411594403,0.021930719950754917,0.016153826356714803,-0.00013687754466831437,0.03733777115727569,0.0044343004513033215,-0.00839978979554869,-0.015329993758840433,0.006181936153354079,-0.008817639434222136,0.013901552776396492,-0.00572843160580968,0.004050230812879418,-0.004208933926678533,-0.0005507633620045561,0.013856721070244805,-0.001962671978372231,0.009384100949659592,0.011185637574971678,-0.015410182675978904,-0.00905918768323715,-0.006110361952464041,0.00033820404293471204
1952.4430547348998,-0.004893962992443746,-0.00881593263816054,0.009301504945248187,0.005360394867223936,-0.00699576961108661,-0.008774846918814264,0.007605125043065686,0.009346193931801925,0.005294820109874309,-0.019491764013035102,-0.004785877789706544,0.009561679567253404,0.011128724809135465,-0.0044495282867222635,0.006343552740758346,0.0025132102253327955,-0.013442738547736154,-0.0019498477661000872,0.017996082632919984,-0.018452511152028762,-0.006598697585280434,-0.007153419735279827,0.0016538657289093454,0.009359266500397104,-0.01200902087586003,0.01291205452330019,-0.02333679610947799,0.004727836006562872,0.00437233124215172,0.012700715181288605,-0.009452084208006915,-0.019388803046566178,-0.010254626764176492,0.0068787977354489455,0.009248436277520944,-0.002137327789189657,-0.0017938091312298132,-0.0001612530271722976,-0.010791452795426393,0.019969864348061528,0.0047724918385970054,0.004082687579610197,-0.002081473089464151,0.0028918595269726193,0.005980701803850512,-0.002860672961838737,0.01673777451517644,0.00837628373813825,0.0040188207178150906,0.024649364693157406,-0.0022672651732575963,0.02831721827192008,-0.02980224717613455,-0.0069851160418223646,0.005052125036591438,0.027652562665069862,0.006111983548165601,0.012163810176825473,-0.023358249091534874,0.002439114408579697
2035.2855320898193,-0.007335683430357594,-0.002183748938707053,-0.007964033868011084,0.0012725352216476297,-0.008761905924066827,0.016003968441987034,0.0028539159420007294,0.006773811228690432,-0.011244285497002108,-0.004424882004436082,0.009324725830172678,-0.001034313690554328,-0.011468545146440797,0.021825591476973494,0.004731563768229549,0.005734087856006304,-0.01766728705552902,-0.011883444358719984,-0.0029449570289293786,0.016528923780782176,0.0009634899874445222,0.004261864700592764,0.00739810744575294,0.007100827149257282,0.003737425179967009,-0.0010461945589285303,0.0032510306776720984,-0.02560659069404733,0.027652594721333506,-0.011011476334112971,0.006683492414332477,-0.00725060311917289,0.01151906119181273,0.011462814110245847,-0.035425637550059216,-0.013321316926985039,0.005288604370715563,0.00568044832022671,-0.014792510054562722,-0.01825899347652918,-0.008702824760887485,0.009465314675447596,-0.028520393885604425,-0.01606986512531136,-0.006610314329178179,-0.0059198486909079655,-0.017762202069654367,-0.011733161591661267,0.009135913645375313,-0.0009560739326422852,0.007442230769243081,0.00837208308847994,-0.010754557930798029,-0.006029780322565863,0.0010076776683088913,0.014904200714966183,-0.0012519379490818375,0.009803569707993757,-0.012789438323860144,0.002114940200096739
2086.419752744273,-0.0020134948706397125,-0.008912415991267646,0.005613908505907129,-0.004244717562245363,-0.005792624136442791,-0.003069402448704437,0.00610524866860458,0.009618396979959181,0.0029022739635201117,-7.106351143275058e-05,-0.008566578879212855,-0.0075444805110411245,0.0010128458311259331,0.0006137697613070167,-0.01078241520183111,-0.002214717331144731,-6.992729122151644e-05,-0.013352850461957784,-0.01577692190257687,0.0032378886635864024,-0.007323833425852671,-0.005539395329346997,0.006545371902958412,0.001132027192574345,-0.0004156330359670193,-0.00941757126830962,0.00989542686501931,-0.009523182058951382,-0.01021918416511209,0.002151525247247371,-0.005230299330688294,-0.0061669854836280125,0.0045242448234043536,-0.010781806728543222,-0.007212904469393499,-0.0021779810755937963,-0.007570534785481508,0.008906152332887352,0.0029376422553223933,-0.019785836478747234,-0.007147973254298634,-0.0010658519850175862,0.002848438835717313,-0.012459954213012488,0.00017492180184540754,-0.007854768355367567,0.0004065587342050876,0.012469777313999402,-0.01369967492887226,0.008075286844470038,-0.006412328305552657,0.01613147616959592,0.00553073579561848,0.009300976905506042,0.012762351668678918,-0.015547612328254728,0.013871426260902955,-0.020244495268446135,0.013667913044146803,-0.0043633100678638565
2265.880134443297,-0.007110769480219154,-0.001036931236664427,-0.009172766345481179,0.0004362103064627032,-0.006864639496837514,0.01185246864656153,0.006770642811477589,0.004501606631356396,-0.004705584541219338,-0.008869649529284866,0.007414831461733221,0.0005908251014653277,-0.011546187408989439,0.00620181138632179,0.007076981318224308,-0.000722618737380193,-0.0002709093332088456,-0.0006928115235253435,0.0013708963226092765,0.0037612905467433876,0.002408812298901372,-0.0037788730339075086,0.014557880856921319,0.00938250784598507,0.011596132807996838,0.005592518501098765,-0.008741838635436433,0.009723559403227795,0.008442683285502864,-0.0032472749192793086,-0.024348558317398884,0.005897688566365083,0.002259956459383682,0.0028532928052316217,0.004546612494849209,-0.006197250261527989,-0.013164014064432463,-0.007696473924217328,0.013348552263828488,0.00961277684678824,0.013051995916643792,-0.006132232903656428,0.0061113153894509645,0.014418590811942893,0.022224285565346186,0.00920883347297309,0.017102232099966856,-0.0033152972032850737,-0.01100088163927303,-0.0036893196577098986,-0.005246256112705105,-0.00428398896091516,0.003177546423543295,0.004429655565835211,-0.0006907765107043675,-0.009725481454348416,0.006538387626760724,-0.012585147834843434,0.0074625333170670214,-0.002906176280897291
2329.732355060257,2.3341249935785683e-05,-0.008859575159056094,-5.7934077634087755e-05,-0.00833836085525497,0.00244943908410169,0.0032817073628673894,0.002451618638975571,0.005690886448318215,0.008026238648859069,0.014144455084854663,-0.0010262249604406752,-0.0005542404081209898,-0.0076269262328559325,0.0057191530269015715,0.010249110002173517,0.00755497907280746,0.0061225006248403335,-0.00782662641802751,0.007739793485905203,-0.00599960854100293,-0.004377820491639853,0.014513605517766894,0.0008412160638437657,-0.0051472136868705625,-0.005644432685016781,0.011748845020989825,0.005480403588429356,0.012457083327703287,-0.0013588560193299828,-0.003430760377896747,-0.007563808346705357,-0.009152928506553658,0.0044871460084314144,0.010687322842929302,-0.00247849911423164,0.010133135868670392,-0.0012538579871741327,0.0006391491781437822,0.01035618437647776,0.002517854558533006,-3.6242997725356024e-05,-0.005982971532660038,-0.010913199254217801,0.01172581954331795,0.0024136413127544437,-0.014077158296969875,0.00790511220245913,-0.00029348079295195956,0.015836712577067858,-0.005547777024756231,0.011359145265300595,0.01389170385158993,0.01684273008446632,-0.004718385620182418,0.012520700013711738,-0.008393293506835485,-0.017293178852738223,0.018957655381097886,0.002343665416631665,0.00732780144863247
2391.6687997166187,-0.007064107156183407,0.00018218704153062412,-0.009277516376951223,-0.0014783343313801906,-0.005465876754604438,-0.0006296053029980651,0.007132913108708456,7.826447553994036e-05,0.0006834816090414294,-0.005814259742051535,0.0024616601651370764,0.007777008332892596,-0.013848113113842781,-0.011835311954575484,-0.005697540641524543,-0.006679919277306615,0.016660358143319356,1.5968902577338356e-05,0.00396649426149127,0.0010104781899750424,-0.0008945837630042634,-0.012187433491693152,0.0073868804120638025,0.01763719833541246,-0.002305303040379943,0.004881845776764613,-0.0011586972383916007,-0.002025023876091953,-0.007233401054148307,-0.016191800548745947,-0.0018003551509360948,0.0024993395726885534,-0.006817941929453197,-0.01941052116707879,-0.011048315866946571,-0.0033519061609307453,0.013861683880485342,0.0059081280197403165,0.0030372509721578625,0.005984494237908574,-0.013947652621850668,0.013684377365655047,0.013050845148784245,0.002871670476493834,-0.020802148461585724,0.002503299056457028,-0.0062377063568926396,0.013272869287810652,0.012116551099845206,0.006938752829247167,0.0001226305938556052,-0.0006419223578636224,0.004395953908488203,-0.005518042794614982,0.006242413686207008,-0.00016100092445741338,-0.006422900663114644,0.013088195152819287,0.0006606833671004987,0.00427786602698436
2433.8975830048685,0.0020854107604753812,-0.008783981137524627,-0.0058030880590919254,-0.0019965680272399974,0.007958350048752165,-0.00019415539128004393,-0.007900093020318869,0.00673712837153397,0.004817956642965665,-0.002436920920885412,0.009521067777882404,0.006897546933328318,-0.0015072336013954085,-0.003836564602979776,0.005216552322394986,0.004954435364104135,-0.000550335727307356,-0.002506783838413122,-0.011677568298686235,-0.01337258213784989,0.014378242877696833,-0.011569092465269529,-0.00460650482217763,0.007307436819075741,-0.0023957837928904563,-0.01139835870991054,0.0015864919901277448,0.004398118558075488,0.005434208392902317,-0.003348282803625886,0.005995252594040029,-0.004959756718854493,0.018527377993680396,-0.007648692221703711,0.003753527748978624,-0.012724440767946156,0.004067052296826028,-0.0024015697569996133,-0.007948938154051453,-0.0024815289849821243,0.004221064872582242,0.006848249014212207,0.007243834014425165,0.0009192303492544265,-0.0036175430563050656,0.0013755712605580204,0.007411419409586766,0.016583137998405124,-0.0012855721238320633,-0.017620741754274083,0.009417826794919348,0.013905671756552085,0.0010823370863270426,0.0022671402541950356,-0.026405559249880802,0.0010403655221538862,-0.009660910833417103,-0.01787105278093256,-0.014044649938345845,-0.008339829515387854
2476.3792440351053,-0.007242645801147559,0.0014083311441758482,-0.008623399533760534,-0.004777379474227769,-0.0056897776422398134,-0.012703324781166333,0.006395227484204423,-0.002541804291238707,0.0009533739236986849,0.00683109087461918,0.005574565655476574,0.010212318467564083,-0.005717249344703503,0.0006969637087366725,-0.010656233307720291,-0.010362454739861762,-0.0010187449228090477,0.002299593245599526,-0.0003900824332021774,-0.007175949011895987,-0.0030585544815699976,0.01095899208085028,0.005912598554253627,0.005961284131557588,-0.008976853308740897,0.002442548262117155,0.00524471716634152,-0.012653666728670892,0.0073039224638556,-0.014798982260306988,0.00596058044831133,-0.009160088472473099,-0.010877497679145334,-0.004055841164677768,0.00909542857790604,0.023323537987695063,-0.008570618330138648,-0.015097038168236493,0.0035103448147831887,0.002964009789335711,0.01958180467117482,-0.009732885379222386,-0.007963196215910417,-0.007100539248131157,0.0005390730621602888,-0.015618886588591846,-0.007025140179659305,-0.010318878981780718,-0.0162030922048799,0.001760879089301084,0.011993260508264186,0.0015977393816766713,-0.0015265646605287246,0.007587109718797921,-0.008359143453024498,0.003009200753915455,-0.004290756662429523,-0.012695256432929576,-0.007308371606732414,-0.004406156089903754
2523.856812244271,0.00498985424889217,-0.008633616785836934,-0.010211074570750866,0.006448431310484306,0.0038576045461029087,-0.0069249722817666245,-0.012582165692892937,0.00580009446068537,0.002274187597583371,-0.011793190294767983,0.011131208317815193,-0.014688215730148883,0.0002188047874740719,9.694958085326591e-05,-0.014993927297831078,-0.01751246279588075,0.006993666671243395,-0.016503988518980866,0.016191884502106926,0.0051231635979283865,0.006107487385455665,0.015597313859260114,-0.005440269568547331,-0.01015512620347121,0.002469648961732122,0.006197441680284869,-0.009473359241399183,-0.013293057500635653,-0.000651871870129016,0.003934919783128036,-0.012872086123159912,-0.0014112572106792455,0.007862610991360161,-0.004845574576492727,0.0011974519492492493,0.018939726174827257,0.012886473468090607,-0.012098581302352135,0.017378857878530288,0.013661345268682458,0.0013592164245262652,0.0023817259042673844,-0.006267622034742389,-0.02437305345723087,0.0189127776576198,-0.005795489981705095,-0.015390516485585022,0.008111337747251165,0.010669024830712897,-0.005554583368878769,-0.023707026890070922,0.005401164141187462,0.007563109192588558,-0.023627925575808333,-0.016649146029531037,-0.0022376871040446574,0.03151155307717625,0.019908736508231977,0.015055907905538558,0.001559698607486786
2571.3626922729336,-0.007624539025677776,0.002453266267294929,-0.0071398977367917475,-0.007568590862795766,-0.005458967857334616,-0.01618156291279298,0.005281274995336293,-0.001020265862209486,0.0005930611954580155,0.014501072855250503,0.0127624010033026,0.010773948002286734,0.007378679265616313,0.007471313047994554,-4.8369334598188895e-05,-0.014469988250434449,-0.017945607354444067,0.004615689812702667,-0.00615746339067115,-0.010154298176156205,-0.0006965031283471488,0.009867327923783887,0.020868077517399365,-0.008102658173340112,-0.011382660038285688,-0.02508284881079143,-0.01093679162531876,0.01672397213930724,7.855339804825422e-05,-0.02346937848629743,-0.004140724104990563,0.009030611040025765,0.004891939450975051,0.0006399969386724601,0.01972006402522252,-0.015601953269558284,0.014396088839886988,0.022312010602719843,-0.022085238899957813,-0.012633364127950849,-0.027302405703401086,-0.012263922184428632,-0.000357106432540437,-0.0009733172617118671,0.01489125613469721,0.009154671193299388,0.016905258552960118,-0.0024620048151923826,0.019626372380263317,-0.006935876568491147,-0.014178422627904133,-0.0029172694157665684,-0.00249142699825481,-0.00734624494527338,0.003243612046534435,-0.003733012131758534,0.01340275356618722,0.013037750141246673,0.00942015525404224,0.002029121591409534
2647.7763311217877,-0.005529315972204777,-0.010939319062785356,0.013367555982249127,0.0075264118185303175,-0.00891107169099767,-0.011105298847177593,-0.003562697502151847,0.003927452201487433,-0.0028751514731892953,-0.009533986170051816,-0.001982980877556127,0.015169000249944607,0.0053668196999403575,-0.008129852515201551,0.0002448403433230262,0.012321547796777216,-0.010205113363861361,-0.013138335719069937,0.018863789795350992,-0.00976367965823051,-0.017657576034580215,-0.009318572418941807,-0.0043284298305157985,3.159106411733936e-05,-0.008763615243496468,-0.005059233281308914,-0.01567334158926385,-0.0039684396932998245,0.011791339638917459,-0.0031606196509023957,0.0036066318081231365,0.020662947227691682,0.0008274109358045369,0.011431465956242797,-0.005418200043999113,0.0006906028910071372,0.018325133445925575,-0.016694857220475312,0.0014383594443266752,-0.01580140701061354,0.011092115453793173,0.01326915260537271,-0.009283636347878937,0.01665396805284985,-0.006561209809039732,-0.017429270195672572,0.0019280843242251077,-0.013462548199899416,0.008941038250267552,-0.007768519207390439,-0.010109842940300592,-0.03246669147183889,0.014812703952235667,-0.0013320392238891647,-0.01985738784910957,-0.01332782153953576,-0.024219154326697887,-0.0005309107356279072,0.02589813737829797,-0.0009276272795564627
2711.290100097262,-0.010089507235413563,-0.001839195726997008,-0.004822420495736049,0.009648330031910849,-0.0022927729932528816,0.013541227965583923,0.009612905804046154,-0.0009455165847980238,-0.000853505034262303,-0.0057857520603568375,0.016943737928177494,-0.008439969635063282,0.010199024414619961,0.014862253105531216,-0.0013045078414732861,0.019026006216789924,-0.0012925494587756202,0.009958431999468697,0.0016112447296435643,-0.011343802122458356,0.00680175798524564,0.00892226177534255,0.014886360747952902,-0.0234088040333454,-0.0006841172442830038,0.005843286247744453,0.004832680387683099,-0.01776466305754173,-0.003736285969358383,0.0185876645404348,0.02781822301402567,-0.013605531113103865,-0.0015594220459362127,-0.016147055149367314,0.025243567660909783,0.011210111285961014,0.009606231205042177,0.01781677414724509,-0.005328659958324496,0.01969628769846399,-0.0022730218481916793,-0.007593174825264772,0.005657738175825126,0.006154581069708804,-0.03266586943163543,-0.00975356618002343,0.005927491104276384,0.01818360586575856,0.0070767527098339715,0.011606167148413817,-0.015573926720298248,-0.006266067356001419,0.0058958438566969135,0.0041173183128606974,-0.005509341821982539,-0.006166514937327613,-0.009198427942845533,-0.002307382889835516,0.016395332972557967,-0.0014844486128026222
2731.483227094808,-0.002358998342575017,-0.011099293937445904,0.007194209524340193,-0.004666434767957427,-0.007506823257508018,-0.00020495276032994806,0.003016949544682181,0.0019440974943924292,-0.004564601053038306,0.0019101045705833032,-0.0004683658060104049,-0.013206099200772578,-0.0014473819801038362,-0.0002331053530951,-0.006782498090906626,-0.0008218600214158505,-0.004394337876847772,-0.011755328654634908,-0.020380071847826663,-0.002132267870786685,-0.007087106211177092,0.0008504719771715197,0.004484593398710053,0.0005554202169339277,0.013019055213315901,0.008582430442554322,0.0034951644812010276,-0.0027918907100028833,0.0015670822659769,-2.7592270160048744e-05,0.013398451841320165,0.011230619150002192,0.003531038092647239,-0.0063282760750907425,0.010531332752056697,0.00635193933790594,-0.002448784145369805,0.009613715817397629,0.005001065342542458,0.008262526289388276,-0.001533059528950607,0.0016895331356218655,0.008853317794271195,-0.0037456844725498747,0.010519795127372833,0.013169326549676374,0.008206283173377306,0.006349885861995776,-0.004450242922435865,0.0033471395400097165,0.017515104119317865,-0.020693846974529556,-0.009418412227290717,-0.016333708483174416,-0.00868771712623048,0.009174887829712498,0.0016663507869386618,0.010042854812507029,-0.0248484753545922,0.004035935044999277
2819.4945266252894,-0.00995139725993722,-0.0009107906490181367,-0.005541168580289868,0.007333112380387965,-3.584952449461361e-05,0.008961146082218267,0.012425270422839304,0.0006643832653545392,0.0027952029517989965,-0.006236867704918289,0.007631102454288358,-0.005806494672133738,0.008799831057777733,-0.0046017820907390886,-0.007708318386356239,0.012364393394417836,0.0022394023599305196,0.003893031409780229,0.006445686063412581,-0.007597893861661788,-0.0005822115110777488,-0.0012997483334190446,0.0006345430557911458,-0.0031903355967975986,0.0007828615266649287,-0.013065920234632024,-0.002172562381129047,0.00830008474260045,-0.023124238399983017,0.0052171728792114085,0.002943600625267638,0.004110815028642999,0.0003230030005238115,0.01197402816340222,0.0038104734894211607,-0.004082469314431276,0.002956766635537549,-0.02302248589589374,0.003045157323405901,-0.02469902498323619,-0.008428888335375815,-0.006409728759713522,0.0004623228060470386,-0.009316461803322646,0.010968265633142975,-0.008195642447050117,-0.01678234474569415,-0.00888168544644289,-0.008740292387871518,-0.006432223088986749,0.01613979059495012,0.004261560651323518,-0.003686780614453201,-0.008078845077154234,0.0030888316312492406,0.003986439495652678,0.0006279249207370936,0.005525173395454574,-0.013686271561466276,0.0032430524864571104
2877.5455409223964,5.696732763424127e-05,-0.011039045920201202,-0.00025904337844137604,-0.008798015792328397,0.0028245121054013564,0.007962228718701406,0.004292980880940396,-0.004233188333060204,0.006571517713356751,0.008633312789137534,-0.000374353209356783,-0.001561212946164315,-0.0022409924728445563,0.0004281640482469838,0.014065550233008454,-0.0008066010614002664,0.002586279715269869,-0.01058447199303161,0.014407890085100305,-0.008783665985436147,0.002926517313308726,0.0019343403621267968,0.006820789228025786,-0.006282740980202693,-0.0009556861811844551,0.008232754494655062,0.009692670281608442,0.010750171731192023,-0.006012767375265955,-0.0008731051720334026,0.0004123316072297718,0.00968186088292941,-0.01766041748104878,-0.004368789467597435,-0.009946343309343037,-0.00893600957466274,0.004370290425585672,-0.010123725757109615,-0.011349356730532056,0.0018222928288662821,0.00167810027368376,-0.001121762570798314,-0.005210706953922335,-0.00948647260975445,0.0029797432387244967,-0.001823908740391258,-0.014821973324615599,0.005955695922923406,0.004961612235971448,0.010364088855233475,-0.00840387515151835,-0.01579578855263446,-0.004427958613513978,0.01985551428910333,-0.0018704011943579478,0.013596229063761144,0.020735570335871947,-0.009916366598765334,0.009034851824064058,-0.010469358661268536
2966.8946316998613,-0.009924069401905895,0.00012116808262839367,-0.005412284052282705,0.0010824036313008569,0.0020897573405112254,-0.0017192132095443084,0.011003916392991824,0.0023136986859374244,-0.002193841932599419,0.00016101251103030733,-0.0011595727168291002,-1.644042327144806e-05,-0.003149660897612918,-0.020437945950548816,-0.010258979683506595,0.010065716745795693,0.0024108310471876847,-0.0035447514110259265,0.003961666494009945,0.011180944913845609,-0.000577476692085316,0.010307962942163856,-0.010913676703670428,0.010949115554459977,0.004509104434701824,-0.000745874837747947,0.015248246829020108,0.002553929363868468,-0.005036940659765324,0.011423443738254612,0.005075950770869136,-0.0009759992168670634,0.011182653344017818,0.02018486675564721,0.0019378809448445077,0.0024199671519849176,0.005947185591371004,0.022514063653571264,-0.00937914167898488,0.0066431927189426745,0.008248944517095092,0.004538811475787885,-0.008596611360443825,-0.002820276509260648,0.009761693139507982,0.011553121419930118,0.01776584623047652,-0.007818993534661811,0.014736885783755852,-0.0018808274251530456,-0.007844570083919198,-0.00019452254924211328,0.0006792767502930889,0.01192133070286966,-0.005270967214469507,0.0018420105894187604,0.007042221814981117,-0.006427567192674539,0.005626388121934272,-0.006815651732439957
3018.539213212709,0.002477754083836804,-0.010837976939950941,-0.007723539025330053,-0.00034634905010864247,0.00903874154020393,0.000616592430663776,-0.0037176178162520537,-0.0015443709831848501,0.0016094473223632296,-0.007334214006117304,-0.0001899842098343338,0.011502898412405635,-0.0024589596068160975,-0.0004980953628937253,-0.0028285186254826396,0.007233842375267041,0.0028809881198541302,-0.00572494031371211,-0.012500692472390664,-0.01154431755246077,0.016550411742756194,-0.005337176238755893,-0.007456283164687878,0.0063657755433505535,0.003102920006281635,-0.007128522766460929,0.0015156009118328332,-0.012743269325859622,-0.0028432056685164073,-0.0044206403773046025,0.0018752882868899301,0.005160466151381237,-0.00952701209099179,0.014937279694240245,0.0015853103631269976,0.0012307900524935714,-0.013140597427163883,0.010752202069987378,-0.007543904614883491,0.00671369417292481,0.00022292925652977807,-0.0010142288973813355,0.0037153152991181325,0.002264613542168815,-0.003752694463767568,-0.012970970982822887,0.010033257389503808,-0.010518423431080998,-0.013712941075506295,-0.009031447095890377,-0.0014197049871740562,-0.012165129559234853,-0.007882728204089006,-0.0037028290520637287,0.03102518169090688,0.004267996904853667,-0.004643482690433482,0.007686866945672818,0.009312021357559782,0.018193949149663675
3023.2693029279117,-0.010073780154316534,0.0011402287271795656,-0.0046992644055375565,-0.006632247107843633,0.0036525411861594694,-0.010556772949943836,0.00774851040019434,0.004137692495633182,-0.009555533432962624,0.008415555650148458,0.0037481485123524987,0.003329882541428426,0.00816281641616445,-0.008052439669541573,0.007750287686442769,0.004154185324208496,0.00028236209302674194,-0.0038372450739098964,-0.004851341772131566,0.009329631967966597,0.006450739996712719,0.007661081552281605,-0.0016820877099988244,0.0009258049817008717,-0.008531316700760884,0.010762075306941232,0.0012016406414535703,0.0032002830296228527,0.009004233139715422,0.026743978931213247,0.002408306207545782,0.005946134195559269,0.0012503461529304225,-0.009343852775792154,-0.006448127959469218,-0.008175368332503426,-0.014957467694358335,-0.02021032998277955,0.0012111460769971827,-0.004547650175980978,-0.00028518957006054015,0.013293037314759618,-0.00581538214934365,0.010615321596968165,-0.00940727233814252,0.010668469327028914,-0.00911837407694465,0.020893463129879896,-0.0140765458845964,-0.007085857116811461,-0.0065751749895188605,-0.0008922839878204558,1.2976251934810118e-05,-0.012981271409926796,0.009473901250674727,0.0012540335928744551,-0.0018871141871183628,0.006402065179705028,0.003978048301686445,0.010099893689758558
3202.796911496632,0.005578612724032734,-0.010339353465296986,-0.0142096516743058,0.009970467597706088,0.003484887316685196,-0.012273911076838888,-0.0034440856811508358,0.00314481162387928,-0.008259855345276713,-0.0045594196124412135,0.0017636909430147362,-0.012321515462121567,0.0006327557856521509,0.00881741017490434,-0.011056886486592367,-0.014168369374643735,0.010541352796975371,-0.009789492127824395,0.014564228166600385,-0.004410483672836353,-0.0036890357281128758,0.027564063188627634,-0.002649818581754286,0.002444464707524337,0.005991891706287693,-0.01040972547016319,-0.0070795458857002246,0.008236307077053489,0.017771988466512092,0.01953573028366608,-0.001816137571420206,0.0018192213027612887,-0.018429574147017735,-0.008385786729495737,-0.0011349558910467969,-0.010752096656355122,-0.001204243729629634,0.0031583046544818505,0.013713069278206026,-0.019693563789037936,-0.012333707845910315,-0.004555822847566112,0.003585624884772332,0.009035960473193003,-0.006985163326624323,0.012376767939615983,0.0022858292716544724,0.004654813973552949,0.020555063099348046,0.0028436864634386683,0.012426151193671828,-0.0029170738151682238,-0.026796846065740277,0.028009165064836947,0.002381713012743209,-0.01852162743684737,-0.024414531483026847,-0.014590960233065844,-0.01916281817495043,-0.014832187302499845
3207.062416741852,-0.010316295714011799,0.0019146337824582067,-0.0033067094945434914,-0.011344203132773805,0.0048771555422643005,-0.011794972173043624,0.003236123575076286,0.005474898181615442,-0.009534886571250746,0.007429015226709225,0.011677546510245078,0.005413104945308714,0.02281194101355482,0.0005970893558829275,0.018291618755245535,-0.0019869005370323828,0.004581954390434148,-0.011476078816963201,-0.006892301999698079,0.010368470269980952,0.014471860084867493,-0.01302056098046621,0.0006938545539054189,-0.00645666495365674,0.009799094553214273,-0.0049477365345755265,-0.02843007348508264,-0.006125970249001385,-0.02112177565568692,0.005185755807091487,0.0032735181282573063,0.005306755287168716,0.0060451400572664685,0.007435981597135931,-0.0324462025586895,0.01577723423941874,0.0034209737749411706,0.019640768120140553,0.017206877489235304,0.02134824470050724,0.009033948753523712,-0.009934162503960162,0.017833657663690224,-0.002948842116397532,0.005157944076920815,-0.020461340092254632,-0.011350658920518654,-0.019356604772109987,0.00706990783177927,0.016736467715444323,0.011614687985893156,0.0030330583940511133,-0.0010780348387337932,0.013994243972212125,-0.009685308394366684,-0.00520195650646512,-0.006443794758163979,-0.009004915419409251,-0.009461427720479317,-0.008812440699280001
3241.303082825336,-0.005809748483884916,-0.012414624853529623,0.01610838845254653,0.009035175023286993,-0.011962596564044553,-0.011887652849668745,-0.015049179884009996,-0.0027703773420296018,-0.012892031110452914,-0.0022830428435881758,0.006209207260066359,0.021250881890930964,-0.0091935453541811,-0.003547159318542074,0.004205219007701654,0.01651045365833627,0.002607963698890934,-0.0010769140844282675,0.01947181482274931,0.007934884853149148,0.000462049007744776,0.002392671913072174,0.0016715037677066818,-0.01344384030827287,0.006852140053863722,-0.009952905807233254,0.007236756274532231,-0.0004613881365283056,0.005258002772450707,-0.007662040985051287,0.004778144840840559,0.011765909386215483,0.005329549798544014,-0.0020775455657171147,0.004129841482702468,0.0009323327091650597,0.001270345273664829,-0.0029097954199669013,0.006702456983808913,0.012343748020241047,-0.0005540211562578757,-0.02136671688426784,0.004650529926308674,0.006469155799819023,-0.018405367271558216,0.012457575983153866,-0.016850675532872242,-0.0007087012608954394,0.0008751876578389302,-0.019632500614525265,-0.005728428603230715,0.03125618159141368,0.011603070408846408,0.022334300071285135,0.02865466267470561,0.0011350504933778027,0.03159947983072605,-0.0049398758900676175,-0.018542896585093612,-0.0012030889640982415
3288.09260267529,-0.012686399340356234,-0.0014340803525533228,0.0007577894726252562,0.019272287958219263,0.003178045024018796,0.006657525806410866,-0.00046609162383304216,-0.004118183985697574,0.011264990189526676,0.006158796843014877,0.0063764885302537025,0.0009509219915386915,0.021710793238272498,0.01121537533865133,-0.0006156750942795764,-0.0026809462203811665,0.010824587696588596,0.005029116691486122,-0.007419311964789036,-0.009873669670904252,-0.007287770899112957,-0.002861891739226234,-0.015397520686974062,-0.00856344753428241,-0.028813254337900215,0.007605156804797474,0.008348544623686633,-0.00452300193705383,0.015768345946928747,-0.010984925874411059,-0.016629843513757687,0.008428215616218156,-0.01026260624664757,-0.022039492183178692,-0.02437780884428831,0.010667306623441371,-0.0032319757239877905,0.020647650367652325,0.002373576833072878,-0.002517828084101811,0.017351547340033895,0.035026509322923005,0.0013195038492870537,0.007627811905595592,0.016911370184290703,0.014883428868909523,0.014596440090701135,-0.014364122398491412,0.005353192194002757,-0.01405286637555924,-0.002128070683110115,-1.2226452074289646e-05,0.008335247145238506,0.008525828966000949,0.00785415790275452,-0.002061273554259081,0.016336636243479575,-0.0016535973800625146,-0.014439246026929909,-4.754319825553481e-05
3338.7538877050893,-0.0025427004472042634,-0.012513762032897746,0.008160865705255763,-0.004078552445277099,-0.008959985371500506,0.0027360066291622453,0.0009282845442015056,-0.007605281604527276,-0.008492219349070053,0.0023072321105969172,0.008784559256307565,-0.016885568451402957,0.002439305453220744,-0.0006060777311725958,-0.006469725078095042,-0.006633996618730012,0.0020917549261476108,0.008928956873568906,-0.018577648434111763,-0.005456606243904085,0.0032389523166891894,-2.3356882832219104e-05,-0.006306043244429004,0.00708319781412792,0.001091363189926646,0.00942003850358293,-0.009233507866186229,0.0043385592691845155,-0.00046505516141739705,-0.0012392747818264767,0.003082028759630514,-0.001073224230686646,-0.0059058394316919395,0.0018308816760589644,0.0038942935393132027,-0.00070996233955584,0.003963677609099367,-0.006162140632204013,-0.005622050536079863,0.002566235367084392,-0.0008681332551962536,0.013313484353350809,0.0029913973968080285,0.0019995091494549853,0.004104960030988065,0.003764598063466567,-0.007184231550924851,-0.021235334087894454,0.0036391242827734697,-0.007391343050610286,-0.003942506859899586,0.02703346231940051,-0.00834818226182902,-0.0010877566789304642,-0.00016790894341452362,0.0011092027933540577,-0.022073784501055713,-0.001723646389320294,0.029897541625474255,-0.0014086502305333292
3418.403378654367,-0.012589251353039147,-0.0008014262724981543,0.0005332916168420676,0.014483841860039499,0.004974265543022029,0.003569309567171035,0.0005728879915335539,-0.0008054875522606627,0.008852072588405691,0.005427763016435852,-0.0034823203416411365,-0.0031962349614346216,0.0061882502055152335,-0.0036900423692012275,-0.00372462218462639,-0.0028150879759688352,-0.0037004171872540128,-0.005079980590159948,-0.0049429571261756025,0.000167619476265921,-0.007042846038999997,-0.0016701338145102738,-0.012460128087942168,-0.006064717645798334,0.010190290908024853,-0.009224813378549548,-0.008552746847751477,0.009265722306033846,0.012218602276767233,-0.0232888161374081,0.0009513380327238474,0.002146818525762582,0.005905366092937766,0.00137123495665696,-0.00858580832579399,0.0018457361760661132,-0.020842738289482736,-0.00873937816994305,0.004541098885247849,0.01728370416364356,-0.008863322967151628,-0.01997532951408412,-0.007748423651726701,-0.0023949961587041765,-0.016302632947968656,0.006558095012015246,-0.002350926828549324,0.020560212082674997,-0.001218679604025618,0.011078122780762222,-0.0007999794499887386,-0.00024356719347730314,-0.007418796954429831,-0.0034477336873693937,-0.0039581010582653816,0.005553828868253551,-0.010564902886125797,0.00012058481783020693,0.017011917840557906,-0.002106797645457637
3441.8362047233336,8.180100368093193e-05,-0.012438341147968733,-0.0005015441253542934,-0.007328415257637883,0.002764784467154151,0.011283312896176156,0.0066980927038896255,-0.014822382767226892,0.007786890791601965,0.005041535151347348,-0.0016681195728719658,0.0021205393825032316,0.005749248740542959,-0.00586782201410821,0.006371049724107433,-0.011397913908576666,-0.004017216748353896,-0.0034204767285266773,0.020910290830956434,0.006265525577449298,-0.0022171554015846615,-0.003452752333069123,0.00302277598842844,-0.00045932628321793595,0.0026465402772342813,-0.010612131303276501,0.00370480928689075,-0.006802013238638785,0.001424680352865972,0.0022903378401581548,0.0036447073184351056,0.003299134694217029,-0.0018303602594523577,-0.001824258531841015,-0.001600393613922346,0.001785558856489178,-0.001404829982577565,0.003680180968802789,-0.0005261771491766053,-0.0019372434810688637,0.005192125368643812,-0.005864131070856217,-0.0034364458599103267,-0.008128804670409764,-0.006227008528791532,0.018267416633758114,0.007950719558886325,-0.0048784714994779595,-0.009498793206241236,0.007436706784172829,-0.012061958329195738,0.011926629534632775,0.0035268229929427877,-0.016074295540758836,-0.01259223005082961,-0.028134641589132935,-0.01146970489431321,0.000702341112231839,-0.021301239793319486,0.010152660063000377
3552.558310292874,-0.012554156516268983,-3.665111447742053e-05,0.0008124000131110477,0.0025529747869821894,0.007904102867321593,-0.0011970860649304956,8.760402058382487e-05,0.001460076536817464,-0.0022311327955524753,0.003380874993262645,-0.009189504645961164,-0.012628984430390861,-0.011858125151413873,-0.012108361151649394,-3.411107624037317e-05,0.0041125824458461335,-0.012216375547741121,0.002038447654812008,0.0014083525885224212,6.636887902686653e-05,0.005337620480784125,0.002270531185408476,-0.008542499735892295,-0.013767541248470886,0.004770685379201392,0.005007253062991467,-0.001275137079988849,0.0027736029588814274,0.014535253063327943,-0.008469224824812792,-0.011831412417854875,-0.00862961780660925,-0.00810885625444124,-0.012654509755815852,0.005725171390548047,-0.014069952420889353,0.017224078063696958,0.009596854010393766,-0.007453741359625168,5.58080101397562e-05,0.003277436773436013,-0.0045771411241726095,0.019392055951558122,0.0031461095010758043,0.00954969652522035,-0.025769188554099706,-0.015475125432451185,-0.01035899969863279,-0.00862707404638328,0.0038819430451422442,-0.0010502863765156276,-0.0006044295829664211,0.0007903387336128392,-0.0019779616710095403,-0.0003894612498424641,-0.0109300849065945,-0.001561381932401004,-0.0009567735367499873,-0.012190945641057533,0.008103451630463243
3689.081618778858,0.0026940489986089673,-0.012131128369718707,-0.009102087660475051,0.002517161977597287,0.009341079041909527,0.00024669962341503267,0.0013897915520201026,-0.00851850463146306,-0.002281691724789883,-0.006205855257295384,-0.01101225137227753,0.015134294188458634,-0.0032589587958135324,0.000538849229039911,-0.00704047295657994,0.011308938784322481,-0.007118265753522788,0.0054084286688913415,-0.018699495005547614,0.0029037895891401403,0.003012546120023446,0.001968875230595698,0.001066558195180064,-0.005115913861705054,-0.003656625518791898,0.009533212555104397,-0.003177947769537838,-0.0014754382230688823,-0.0031150154659274685,-0.0014247806718434791,-0.005147869565304915,0.003263941834284342,-0.007290236998136819,0.005458705866997054,0.0026221597768582,0.001303584941055874,-0.004644599928250616,0.001946682560016573,-0.0013366298188168032,-0.0035941109485547527,-0.007953392186263859,0.001110810759151892,-0.004105616764538596,0.017288819382291005,0.003803041420920291,0.0034405088099503287,-0.014342461374219847,-0.0015598090580976921,-0.00022608402323901763,0.017702514734525717,0.0008285826711664846,0.00827188551117803,0.025037698537405454,-0.01047906640883448,-0.015957754808969857,0.007526080167233779,0.012558383034992973,0.0073924961103821575,0.0014054895519334755,-0.028804830035470942
3746.8719225892632,-0.012665721523527107,0.0006967737353634306,0.0014476220527833057,-0.010055095316162945,0.011684823220822484,-0.0033253137858359474,-0.0029670171684251343,0.0010497307741274265,-0.008782742708185054,-0.003837468180621453,-0.0037766797468580106,-0.007489033100888757,0.0027104378259956313,0.003195665185080309,0.00794196893980495,0.0032254510496904152,0.0035048754471059744,0.0023877985972504696,0.005703076649999701,-0.0015012687461423357,-0.0013273769251914975,-0.014604621895130697,-0.006429454519120077,-0.0004951301721933515,0.00010498224535606604,0.006100759071279168,0.013852944729345519,-0.015841663416645335,0.0052317446486037835,-0.00905585534195535,-0.010728088141759719,-0.00024531774073407276,-0.00450200684622177,0.00021864622230960748,0.0210315250988601,-0.001508337686328311,-0.003382687512452656,-0.015908549881604752,0.005437647268188057,-0.006393840231516455,-0.018531727852961196,-0.000519246214035621,-0.003640857481716644,-0.020182034091289294,-0.010720574457531532,0.005904314614387114,0.02780346142062924,-0.012331336345323329,0.011183995663405112,-0.002463114082313536,0.0033621226381340113,-0.0010171462407501503,0.003233077424214539,0.0013344584674781087,0.001231162008682855,0.0036854957337933347,0.0029465360285396342,0.0040059914300399485,0.002124719463967245,-0.018011181492785272
3822.7201718360106,0.005819981186279917,-0.011374457118948852,-0.016701665803942795,0.013522032945867991,0.004025188216114384,-0.016833286319876777,0.004282363236091796,0.0029915417376546573,-0.020631067005356222,0.00486449153561655,-0.007943221710323951,-0.01817969943006599,0.005305181630781485,0.013255469423284018,0.009956524454947538,-0.0058370570508602,0.010445680554123182,0.004533079227685233,0.014800424012301016,-0.003054335189266471,-0.015949087552938605,-0.002668388741909412,0.003041610971334331,0.008468628155437292,0.0043174332354950435,-0.009360398169609728,0.0040531197501548575,0.013904279357276218,0.002272495270501348,0.0019701395080735755,0.011162263125013902,-0.0021837241996510762,0.004716305260244429,-0.005207670083027057,-0.010416802962337367,-0.010080027631996969,0.0009743697836552557,0.002836293165246871,-0.0058932314191421495,0.003655149617441917,0.00936606934462571,-0.004528253788729467,0.01169791786974049,-0.009773331583300843,-0.015049246420639904,-0.006025536052934809,0.020953167176600833,-0.01794608852539723,-0.014542759048008148,0.002979759907481366,0.014090304768110804,0.006287740073147485,0.02559966433439641,-0.007817446080230056,-0.012315482135402282,0.027900246438216335,0.016447691857853525,-0.005480079949776828,0.017566640724728383,0.04452887614227979
3919.1692263780055,-0.012798151997409848,0.0011700337997103793,0.002408270172532052,-0.016251185664599477,0.013712385943663905,-0.0018938819597024128,-0.007331386278097112,-0.0008025871842005135,-0.005839680457284988,-0.01341220738811573,0.0018156441049598448,0.00461280143765993,0.013712888476591073,0.013887379646855224,-0.002218406411180288,0.000577430407069078,0.014379650008553175,-0.0067070708660890615,0.00042311161515837774,0.006057440118969835,-0.010628636078170356,-0.0025427208711848396,-0.006513424677941354,-0.0006029901159079473,0.027506984142528577,0.0015636142861296146,-0.003031567921148045,0.004971122998124612,-0.0049520083100824544,-0.019075548979417378,0.0014978581064283344,-0.025667566148179635,-0.02187002156270458,0.004912575940456159,0.012427252295198987,0.007104812121125365,0.018481824552809015,0.01217549552962599,-0.00891223325368368,-0.025616850347972356,0.02111815860014937,0.0012706246565068375,-0.020259911181258815,0.027673886596132118,0.008551877143279197,0.020817369736281302,-0.017401204278598335,0.029436492378883256,-0.007433311632302163,-0.00742993995859966,-0.002488549602508081,0.0006633329046180961,-0.0024883497218863896,-0.002134262230237647,-0.0015158021645091052,0.005392693918479712,0.0021117106306260966,-0.00389242118222508,0.0056135024501089556,0.02495630400013462
4046.354957852581,-0.005881889876268938,-0.013088569807763335,0.017143751770758275,0.010096370728640938,-0.014128009229951262,-0.011652923405562867,-0.019647620257688927,-0.0068845166808287825,-0.01781321103866338,-9.33196064030014e-05,0.013645961082973909,0.024124686093501654,-0.012976273402995663,0.0008982735831044558,0.005872126997726483,0.017959194359542064,0.01618285831935664,0.016269777461006628,0.020917460605769527,0.014015795785819178,0.01758562466425743,0.009335318011826101,0.001527841938156381,-0.01717412616909428,-0.006030649788363888,-0.013977419981021269,0.02296307119277979,0.005590712928398266,-0.01569516622520662,-0.0007163982551381024,-0.01965443570118902,-0.021480496128263544,-0.0037763990769391475,-0.013376512689360244,-0.016585425818250274,-0.0009955573689782683,-0.021350012070852593,0.015088058685826002,-0.0016602805018450777,-0.012350137437991198,-0.0033704410756481683,0.004848852722047534,-0.003355253467520486,-0.02053715429874335,0.023662880178946896,-0.004465390476505635,0.018061639753538004,0.017719700280206675,-0.010048885194562257,0.028263559874630466,0.011121812227157107,-0.030963308101694644,-0.01363647572933275,-0.02219313731113683,-0.02383255079197618,-0.00045557737982066334,-0.01788660204251583,0.004141486917146865,0.002697542583968911,0.002118444337921199
4356.409526774991,-0.015010438833054333,-0.0012518584948907382,0.007018078370083395,0.028669206210828017,0.003160252407682864,-0.002626843877963114,-0.01758264373480051,-0.0018835486669131817,0.013433287441271346,0.014587700729432601,-0.0015747998100742735,0.026353926291725307,0.00408834551135497,0.018263316419638194,0.014093561383608032,-0.016881297745943102,0.018836657771947825,-0.012651033889609456,-0.00407772251297477,0.015513733154951055,-0.002740307381884804,-0.0027683923794928757,0.016602847077284443,0.030685818305330844,-0.003677820960131228,0.02455062279609294,0.026417055707778896,-0.014819123760015405,-0.004248449491353911,0.03281346610418637,-0.007153779276390151,0.011261703257747361,0.006598166917884733,0.01757893598334833,0.030302757377896446,-0.020416217531300556,0.035410773783988075,0.006526503607570074,-0.003701972512248769,-0.008175854495844183,-0.0015367797777185964,-0.025736001291051008,0.016528938878651266,-0.004224531522332309,0.010800911986222333,-0.012490051183618416,-0.018384848442880748,-0.00481308001586181,-0.00938158683094134,0.004056105248183596,0.006722930743734416,0.005734015524173167,-0.008415962630597974,-0.007427970717204107,-0.004742641634315599,0.0003369216612124285,-0.010684270633418145,0.0009366794934882827,0.0054288544394545234,0.0015321965172674613
4419.168196968196,-0.002613338004001517,-0.013064289945921105,0.008416829234599934,-0.0022588733416564434,-0.009560714200894042,0.004304708642665442,0.0003278094050151997,-0.012424031225702806,-0.007165290445587442,0.003569998373985335,0.012567787304558252,-0.014423251515112099,0.009409854333923374,5.5470155566717984e-06,-0.007253420676249449,-0.014299971862990458,0.007956992004254697,0.016805653210149842,-0.017211780806404182,-0.0007503664707221854,0.0027298028069950996,-0.0019897550773636027,-0.015398988957946039,0.021883650285000177,-0.009943947338117494,0.005784839683688977,-0.012205771869899925,0.0019318422973380312,0.006528151425004777,0.0026544864806516376,-0.01056268677745775,-0.008981259078284705,0.009493177323890056,0.02296844015522848,0.00025634842671286425,-0.007099060352874434,0.006512306719907834,-0.006416800358074196,9.593801537228605e-05,-0.0009223214616515827,-0.0022432821158886638,-0.016282937816705895,-0.010381336256512986,0.012376079863203177,-0.01825664504926716,-0.02502965922699117,0.001239026935963147,0.020042812653131965,0.006855841505604515,0.0017897767215176677,-0.004336941919000142,-0.02694373740607257,0.020003230579666888,0.015023290286424216,0.00946908541375259,0.0007586730770112602,0.03144104736726544,-0.0004761450672606843,-0.024877561080164146,-0.002471221362566753
4555.662665934399,-0.01482792276435585,-0.0008061727212451471,0.007028347980207883,0.019593249543926945,0.00350157098239395,-0.002985487643641304,-0.013952842024478449,0.0009405794859920772,0.0054030172518780145,0.01015343374749708,-0.006165374621082029,0.0036050214959425443,-0.015642848166471036,0.003765218654713637,0.005563305117548754,-0.010476216398933137,-0.003054123777036073,-0.004268904774918339,-0.00666349066800425,0.0031695664381329847,0.011441131090398205,0.0033686775484460564,0.01949681562558892,0.004493830004502888,0.019979772974836985,-0.003791886966033907,-0.01858743888958913,0.006963510679503141,-0.024934885007494006,0.008274570456181615,0.022169700318379677,-0.0204168388130675,-0.008873009027285671,-0.002153674650944384,0.0005495935006514889,0.011798344138098616,-0.016101632840595573,-0.017861406214464776,-0.0063696603214564666,-0.007179044305212816,-0.0038097595966021533,0.04002460302671923,-0.013855373030322585,-0.0009477902362089552,-0.003698026293678196,0.002223405726521854,0.02134715185687024,-0.014947951192253988,0.013515845868596665,-0.007799305973995843,-0.009756991810440353,-0.004904371415792366,0.01348083728427936,0.007730056897851,0.0034648847564967473,-0.006837786144129376,0.013887613039004924,-0.0007345975799988588,-0.014848329801871172,-0.0008168194452451909
4645.400144850924,8.187311263865855e-05,-0.012985686571556188,-0.000710524160095011,-0.004092606991091414,0.0023967408214470593,0.011769423843035616,0.007371057585061104,-0.018762818481109424,0.00934706449758664,0.0057425431702915804,-0.003950737462902135,0.007976119462817793,0.007371702189562214,-0.009864727529620195,0.0027816483979179233,-0.014141378488470378,-0.011026242512654594,-0.0007894444885935034,0.01963315017393517,0.021571791442273974,-0.005552823802357216,-0.00032165199887555643,0.0044821909452713036,-0.006100888820073784,0.009923935122579006,-0.01388196116908622,-0.006307988233366997,-0.006609001879241418,0.008910874492598204,0.0071012576524240294,0.00391619290065837,-0.016911605224772554,0.016634185286972837,-0.020191858008004018,0.008885811407620783,0.0038147714749318896,-1.461203103088512e-05,0.00418288344884965,0.012293453032626812,-0.005057679728661597,-9.006591499274047e-06,0.01542009849002154,0.017167452189560034,0.005275021336662491,0.010036882619748238,-0.015084619650588691,0.005179779684947171,0.0020371090508784634,0.0034478635537396555,-0.023183433757509926,0.02688108820906279,-0.00670201533537366,-0.014774443041213548,0.010406513874896255,0.0174215131677832,0.03306647847178493,-0.0013351942192669794,0.0007332293230010508,0.02835860042739205,-0.0034276687400716065
4809.904097123131,-0.014711012584267507,-0.00022095892239676272,0.007334542271361238,0.0010193240043987301,0.007067953688344303,0.0006203885300446522,-0.009220006423189042,-0.0010459535846094336,-0.0015114000366213151,0.0023555676220192133,-0.0072805388064050534,-0.019547396678529134,-0.022513051719096785,-0.002052502623299091,0.0013729922842798978,-0.010956267121688665,-0.011392457316805476,0.012485815906074562,0.006844869374391582,-0.017924677477810784,0.013095290970131854,-0.0008480752162708413,0.013026065263629651,0.006568588672630596,-0.02437425663333668,-0.011972072771151823,-0.011093267098452314,-0.011177125193045246,-0.011773210305831996,0.013011946008078869,0.001143736488262956,0.015877600781866827,0.0014871115748933711,0.01240161546263972,-0.021305406209310464,0.014340456066459624,0.01087642935907805,0.01883954072396032,0.01349635241581427,-0.010305632039253733,0.022608087933218807,-0.0198116492779224,-0.009866251775740435,0.011355267553244864,-0.004367256399460176,0.02571907146923368,-0.004050213058173943,0.023600268591935078,-0.010569980513795159,-0.005720673492805636,0.011052552661510142,0.0029802877269195552,-0.005093325159071428,-0.005348162246024609,0.0021671232972317335,0.015949679677343606,-0.003359666420342805,0.0027829365994404805,0.01576067196278268,-0.005107195458616179
5104.799271806037,0.0027769241709683632,-0.012605460550628065,-0.00969066845129754,0.005674616252009064,0.008650069029760123,-0.0012992813211459722,0.003728604187017477,-0.009689172881961465,-0.005884246294901301,-0.002177325164202369,-0.016062188471402544,0.011759449942991019,-0.005497746187052611,-2.3969095262772775e-05,-0.0022268975188569997,0.013534960166904416,-0.013668102712310514,0.01454157577906841,-0.02169876911028528,0.007128374323040727,-0.0004127861880509219,-0.006148394963557419,0.007537073481675602,-0.01086566408233079,-0.014267414577669538,0.02213029485731172,-0.005648602713404922,-0.001246941307551579,-0.013266447476563172,-0.005635536437711366,-0.011997222601178697,0.0038839086208080353,0.008448652805075244,0.0015881830890918387,-0.0026210217792602777,0.01052192142894048,0.017841621338309743,-0.015457622545904178,0.010955214682487552,0.0029837994851670047,0.0010182756846427324,-0.006901068466606248,-0.012868663545307536,-0.023726574697326135,0.003109556987024811,0.0095944407531598,0.001394754480691606,0.01444683092731099,0.020643389402599303,-0.010140878148575469,-0.013166872819234725,-0.007308707040210403,-0.03264975380661353,0.02009535197160052,0.004937732551279351,-0.024777159884531847,-0.014074047304124843,-0.013870769321841094,-0.014080608482909642,0.02979157664566453
5198.660168087941,-0.014845135015533608,0.0002504210476015399,0.0076940895815560345,-0.015498232151636699,0.014137122269513261,0.006254640957464951,-0.010354558478479452,-0.007351809982280162,0.0015515287590506467,-0.014637963945623582,-0.005182916964560729,0.0010605719352672026,-0.0058771037473983505,0.00915531849606638,-0.011228128348992398,-0.00510397729650565,-0.000422299049696988,0.008098701250754714,0.007005529448579439,-0.005474568396823794,-0.01150722732568889,0.007543212518721584,0.009881908592973596,0.009366309043350474,-0.017847537677465396,-0.011947174131385319,0.010100808201419996,0.003669856315512505,0.003914824563934574,0.010385396900933083,0.010851137364906605,0.016592205882133976,0.027296334409646607,-0.0005788375230366152,-0.0018424440134413313,-0.0009165537003267887,-0.03224060105581832,-0.0008060179081562156,-0.003931479097665531,0.02643825653181252,-0.02379513791407149,0.017003425013153488,0.012103254674924699,0.011869347706533005,0.01872133219050419,-0.022803068494989285,-0.02476018191516305,-0.00927867465248085,0.013298428918368261,0.01463526938940571,-0.005013862143579245,0.00101580709349169,-0.0007645481020686874,0.010384112006505406,-0.009495571247522344,-0.009394781741125059,-0.00032677382103250813,-0.010139073788654411,-0.008031850831908362,0.023001020527851603
5390.088859977859,0.005879787757764689,-0.011652429009679752,-0.01735372939682878,0.015342996537171685,0.0038114626094116516,-0.01875652557242995,0.0066015057243606935,0.00386063703781539,-0.025670079976238956,0.009404992576147046,-0.010837104621699005,-0.02551764179132158,0.007136613061543408,0.015070404311965794,0.021962295086822178,-0.005712100001865962,0.012562376652320453,0.009975557959593711,0.023409613461570864,-0.005070104102059191,-0.021190214425337677,-0.024776343837536446,0.003527888767370506,0.015822972815255968,0.007101650230743457,-0.01703073498039567,0.018772613793081334,0.0010578789176759415,-0.006716211635714202,-0.018298475140373364,0.019669316445994265,-0.010576909851965363,0.020981678743128167,0.005926595580846826,0.009376242135935898,0.008148452598615158,-0.014302371622744831,0.010703841984664151,-0.024561322952062564,0.016363193024136205,0.0126164007742348,0.02079559869688173,-0.0042941649815674615,0.023356504185391813,0.02673835483171415,-0.015853413095018292,-0.03323869570130053,0.018209433353277446,-0.01957284424132063,-0.014070370371741595,-0.025376092509603317,-0.009394705754290295,-0.016593139087875488,-0.01951452798872475,0.03220800045036166,-0.024459776593076063,-0.013859741025332106,0.03015529857585706,-0.011617507279421022,-0.09591519486676717
5805.336708403153,-0.014945567525537122,0.00046140654581279907,0.008030772647764764,-0.021117472411821894,0.017199351541518998,0.009051405184157684,-0.012910560488823658,-0.010572748182973888,0.005924826832765389,-0.025284376254711468,-0.003867673434880395,0.020986064581962192,-0.0004283174838884788,0.013853997231514918,-0.02815018406880104,0.003412026830698404,0.0007503853375090303,0.0029451824767094416,-0.016971859016767375,0.0071748880051088195,-0.017183048008029583,0.03206514121117269,0.010181789205032578,-0.00531737242758151,-0.004872179935175793,0.013107469421758866,-0.01526147602592928,0.04358722469203645,-0.00032669520819839386,0.015285566274341054,0.005799112740925397,0.0019827478797790027,0.005998003124267943,-0.017360933446918227,-0.03871047182727185,-0.020899097065102953,0.03162703448950585,-0.012145333287146792,-0.0026607580444486037,0.010751796076174883,0.031674836433575784,-0.022420806302532348,0.016017146896862976,-0.05525342548530841,-0.03519131943647183,-0.008260850446619583,0.047759425061618246,-0.02017188978145598,-0.02724679347967084,-0.018726326551141106,-0.0018376105575641864,-0.005388384690872346,-0.0002801229231768547,-0.01886955335122049,0.02354455770051624,-0.0023257261523595032,-0.004960988752493323,0.022243886208525673,-7.754817797609115e-05,-0.06128293715133315
